Country,Region,Year,Documents,Citable documents,Citations,Self-citations,Citations per document,H index,Democracy score
Afghanistan,Asia,2023,475,428,2870,311,6.863766660876891,72,2.8621623821490383
Afghanistan,Asia,2024,593,530,3998,377,9.039383453772103,72,2.010695288603655
Afghanistan,Asia,2025,614,551,3681,388,5.246659366956507,72,2.158204292642732
Afghanistan,Asia,2026,633,568,3311,398,0.8869212655017833,72,2.300526880733229
Afghanistan,Asia,2027,649,584,2888,410,0,72,2.4373652615203127
Afghanistan,Asia,2028,767,685,4016,476,0,72,1.5858981679764415
Afghanistan,Asia,2029,788,706,3699,486,0,72,1.7334071720175919
Afghanistan,Asia,2030,807,724,3329,497,0,72,1.8757297601052123
Albania,Europe,2023,746,685,10120,1000,12.89232461463961,104,5.7200108189956715
Albania,Europe,2024,944,847,9757,938,11.068997911615476,104,6.392142182668571
Albania,Europe,2025,953,857,10308,1015,11.239006145479363,104,6.327165817287321
Albania,Europe,2026,959,865,10890,1093,11.452414586288238,104,6.2134794369620145
Albania,Europe,2027,961,871,11503,1172,11.708486748254975,104,6.051441858824199
Albania,Europe,2028,1160,1033,11140,1109,9.885160045235889,104,6.723573222
Albania,Europe,2029,1168,1043,11691,1186,10.055168279103846,104,6.658596857111368
Albania,Europe,2030,1174,1051,12273,1264,10.268576719908387,104,6.544910476786848
Algeria,Africa,2023,9610,9828,92241,19162,6.47276693,239,4.0244062097622635
Algeria,Africa,2024,11775,11369,85773,18067,4.599555821600967,239,3.9013744715901097
Algeria,Africa,2025,11971,11680,88915,18714,4.031363356,239,3.955266310343631
Algeria,Africa,2026,12071,11945,92400,19401,3.539592007,239,4.013600702169251
Algeria,Africa,2027,12075,12165,96226,20127,3.123632649355292,239,4.076296744232068
Algeria,Africa,2028,14240,13706,89757,19033,1.2504215413469169,239,3.953265006060529
Algeria,Africa,2029,14436,14017,92899,19680,0.6822290753220663,239,4.007156844814402
Algeria,Africa,2030,14536,14282,96385,20367,0.19045772678144424,239,4.065491236639787
Angola,Africa,2023,219,202,1037,243,0.9642709918141947,64,3.0146288137337742
Angola,Africa,2024,236,216,1102,197,0,64,3.7386798914773443
Angola,Africa,2025,248,227,1058,214,0,64,3.611638098489786
Angola,Africa,2026,260,238,1029,231,0,64,3.425047263398033
Angola,Africa,2027,271,250,1014,248,0,64,3.1793168831192444
Angola,Africa,2028,288,264,1079,202,0,64,3.903367960859288
Angola,Africa,2029,300,275,1035,219,0,64,3.776326167870062
Angola,Africa,2030,312,286,1006,236,0,64,3.589735333
Argentina,South America,2023,23008,20729,167553,22943,6.907529311203064,568,6.155774457432597
Argentina,South America,2024,20512,18657,113692,12374,2.3395234718289153,568,6.623426684236787
Argentina,South America,2025,21886,19854,108019,10996,1.2478340438130893,568,6.451928747007788
Argentina,South America,2026,23489,21241,103490,9921,0.31570966334253825,568,6.232390348777733
Argentina,South America,2027,25322,22817,100086,9145,0,568,5.964929195948309
Argentina,South America,2028,22825,20744,46224,0,0,568,6.432581422751692
Argentina,South America,2029,24199,21941,40552,0,0,568,6.261083485521324
Argentina,South America,2030,25803,23328,36022,0,0,568,6.041545087
Armenia,Europe,2023,1584,1435,25005,2513,12.5658895,235,4.9186022485295355
Armenia,Europe,2024,1611,1502,13996,1312,5.005993728311925,235,5.794245600278177
Armenia,Europe,2025,1663,1538,15169,1211,4.554880351858156,235,5.768158679009657
Armenia,Europe,2026,1709,1565,16545,1149,4.2614447194879475,235,5.677909600324661
Armenia,Europe,2027,1750,1584,18120,1125,4.123107689583616,235,5.523923754666885
Armenia,Europe,2028,1777,1651,7111,0,0,235,6.399567106411877
Armenia,Europe,2029,1829,1687,8285,0,0,235,6.373480185141599
Armenia,Europe,2030,1876,1714,9661,0,0,235,6.283231106457682
Australia,Oceania,2023,158264,129006,2033349,310051,11.475562830545417,1377,8.623649155083493
Australia,Oceania,2024,140673,124478,1604532,235553,6.593255258399495,1377,8.315369003781466
Australia,Oceania,2025,149436,130462,1568304,222156,4.948931434555298,1377,8.226781399329834
Australia,Oceania,2026,160042,137218,1538730,210450,3.377561631475089,1377,8.151874862915717
Australia,Oceania,2027,172476,144739,1515666,200409,1.8778921315460693,1377,8.085953507072905
Australia,Oceania,2028,154884,140211,1086848,125912,0,1377,7.777673355804446
Australia,Oceania,2029,163648,146195,1050621,112515,0,1377,7.6890857513352495
Australia,Oceania,2030,174254,152951,1021047,100808,0,1377,7.6141792148920135
Austria,Europe,2023,43511,37757,429777,51792,9.152448474,877,7.466741752589721
Austria,Europe,2024,38347,34307,304647,39415,3.6828325453849615,877,7.875596671138258
Austria,Europe,2025,41069,36571,285192,37621,1.9114933168579782,877,7.7112458282964935
Austria,Europe,2026,44357,39230,268501,36199,0.2782017720104548,877,7.506911606297129
Austria,Europe,2027,48207,42279,254535,35143,0,877,7.26292032
Austria,Europe,2028,43043,38828,129405,22766,0,877,7.6717752387711755
Austria,Europe,2029,45765,41093,109950,20972,0,877,7.507424395928312
Austria,Europe,2030,49053,43751,93260,19550,0,877,7.303090173929133
Azerbaijan,Europe,2023,2571,2469,32347,4593,14.965314127993219,153,2.8523111906181056
Azerbaijan,Europe,2024,2502,2415,24036,3907,10.196203101284535,153,2.7889873071875004
Azerbaijan,Europe,2025,2684,2587,27020,4192,10.733474089242462,153,2.818577535809253
Azerbaijan,Europe,2026,2866,2759,30032,4493,11.244675395715856,153,2.8543862334665273
Azerbaijan,Europe,2027,3049,2930,33070,4808,11.728217458756145,153,2.8963649302290566
Azerbaijan,Europe,2028,2980,2875,24759,4122,6.959106432055602,153,2.833041046798884
Azerbaijan,Europe,2029,3161,3048,27743,4407,7.496377420024537,153,2.862631275420816
Azerbaijan,Europe,2030,3344,3219,30755,4707,8.007578726482748,153,2.898439973078028
Bahrain,Asia,2023,1531,1371,22424,1581,19.223624983650115,127,1.191174819
Bahrain,Asia,2024,1782,1617,19478,1527,13.81074618,127,1.9730412832721154
Bahrain,Asia,2025,1862,1686,21274,1658,14.448400959528652,127,1.6945807696659494
Bahrain,Asia,2026,1937,1750,23056,1793,14.981243239934091,127,1.3639113431797165
Bahrain,Asia,2027,2007,1809,24823,1932,15.407623207313918,127,0.9814875093479349
Bahrain,Asia,2028,2258,2055,21877,1878,9.994744404829845,127,1.763353973775899
Bahrain,Asia,2029,2338,2124,23673,2009,10.63239918321197,127,1.4848934601676316
Bahrain,Asia,2030,2413,2188,25455,2144,11.165241463598512,127,1.1542240336831036
Bangladesh,Asia,2023,11454,10611,167190,33345,11.276746016078205,304,6.881382510881555
Bangladesh,Asia,2024,13453,12414,158535,31936,9.528212132,304,6.504969532133185
Bangladesh,Asia,2025,13989,12912,169100,34272,8.798187876084324,304,6.721397352304878
Bangladesh,Asia,2026,14524,13411,180626,36814,8.072722341185903,304,6.966422674651446
Bangladesh,Asia,2027,15058,13910,193103,39560,7.351442145594124,304,7.239746208817319
Bangladesh,Asia,2028,17058,15713,184448,38152,5.602908261305924,304,6.863333230071412
Bangladesh,Asia,2029,17594,16211,195014,40487,4.872884005604721,304,7.079761050244262
Bangladesh,Asia,2030,18129,16709,206539,43029,4.147418470704093,304,7.324786372590307
Belarus,Europe,2023,3410,3259,36438,4005,12.640383370826576,232,2.3570771020801926
Belarus,Europe,2024,3514,3379,25107,2874,6.327619506254061,232,2.2380424214307504
Belarus,Europe,2025,3666,3518,27190,2845,6.7071562197746974,232,2.1591144165689413
Belarus,Europe,2026,3812,3652,29497,2838,7.253907440048511,232,2.075934919728999
Belarus,Europe,2027,3953,3781,32025,2852,7.965391669688277,232,1.988497648284289
Belarus,Europe,2028,4057,3901,20694,1721,1.6526278051329495,232,1.8694629676348198
Belarus,Europe,2029,4209,4040,22777,1692,2.032164518667118,232,1.7905349627731002
Belarus,Europe,2030,4355,4174,25084,1685,2.5789157389264084,232,1.7073554659329944
Belgium,Europe,2023,51473,44509,548612,63390,10.435804153708489,1067,6.454423615199006
Belgium,Europe,2024,45549,40389,376082,44335,4.394789299600365,1067,7.219868928451465
Belgium,Europe,2025,48300,42563,336181,40423,2.4720461095664774,1067,6.977986594360824
Belgium,Europe,2026,51689,45199,300849,37109,0.7362873368106619,1067,6.674968911382944
Belgium,Europe,2027,55712,48295,270030,34388,0,1067,6.311330765383309
Belgium,Europe,2028,49789,44175,97500,15333,0,1067,7.076776078631431
Belgium,Europe,2029,52540,46348,57600,11420,0,1067,6.834893744538826
Belgium,Europe,2030,55929,48984,22268,8107,0,1067,6.531876061561816
Benin,Africa,2023,869,829,9497,898,11.805470249831892,125,3.8387309954428646
Benin,Africa,2024,970,927,9020,712,8.597578685455002,125,3.9813187241369485
Benin,Africa,2025,1006,961,9001,713,7.564320047753352,125,3.7524546386983055
Benin,Africa,2026,1044,997,8971,719,6.449001027955632,125,3.4960204735319547
Benin,Africa,2027,1083,1035,8930,731,5.251085251557075,125,3.212187679970691
Benin,Africa,2028,1185,1133,8453,544,2.0431936871816916,125,3.3547754086633232
Benin,Africa,2029,1220,1167,8435,546,1.009935049484639,125,3.125911323223943
Benin,Africa,2030,1258,1203,8405,552,0,125,2.869477158058091
Bhutan,Asia,2023,282,239,3965,362,19.95222734873476,68,6.3206416792792695
Bhutan,Asia,2024,306,263,3330,272,12.545925545375898,68,6.0645903256247715
Bhutan,Asia,2025,324,278,3646,305,13.315513310421647,68,6.2591131536502616
Bhutan,Asia,2026,342,293,3956,340,13.965215281710758,68,6.485825787666226
Bhutan,Asia,2027,361,308,4260,377,14.492729579563765,68,6.744522141552322
Bhutan,Asia,2028,385,333,3624,287,7.086427776215093,68,6.488470787899606
Bhutan,Asia,2029,403,347,3941,320,7.856015541277888,68,6.6829936159259855
Bhutan,Asia,2030,422,362,4251,355,8.505717512542184,68,6.909706249941374
Bolivia,South America,2023,615,534,12551,463,23.912458996180582,169,4.854224731627947
Bolivia,South America,2024,673,588,6989,344,5.614455460621283,169,4.5007553572573356
Bolivia,South America,2025,699,609,7978,349,6.763550583971142,169,4.450146881992301
Bolivia,South America,2026,723,627,9123,357,8.507850034595652,169,4.415723668111511
Bolivia,South America,2027,745,644,10423,368,10.83989622986272,169,4.397356005893258
Bolivia,South America,2028,802,698,4862,249,0,169,4.0438866315237165
Bolivia,South America,2029,829,718,5850,255,0,169,3.9932781562592816
Bolivia,South America,2030,852,737,6996,263,0,169,3.958854942378018
Bosnia and Herzegovina,Europe,2023,2399,2090,20497,1832,9.779978457763693,144,5.089500364187489
Bosnia and Herzegovina,Europe,2024,2490,2206,18056,1712,7.3121679475171835,144,5.003237549798339
Bosnia and Herzegovina,Europe,2025,2626,2314,19168,1808,7.288286797850188,144,5.0414089153307335
Bosnia and Herzegovina,Europe,2026,2767,2425,20333,1907,7.302613722423164,144,5.094002685944832
Bosnia and Herzegovina,Europe,2027,2910,2540,21549,2009,7.354287751375628,144,5.160942622712953
Bosnia and Herzegovina,Europe,2028,3002,2656,19108,1889,4.886477241,144,5.074679808324561
Bosnia and Herzegovina,Europe,2029,3138,2764,20220,1985,4.862596091472694,144,5.112851173857197
Bosnia and Herzegovina,Europe,2030,3278,2875,21385,2084,4.876923016,144,5.165444944471325
Botswana,Africa,2023,965,931,13609,1294,10.052477981738967,144,7.546799338238302
Botswana,Africa,2024,1173,1042,11786,1158,6.532054680623464,144,7.567774610949922
Botswana,Africa,2025,1196,1082,12260,1220,5.566822771668171,144,7.525403691131603
Botswana,Africa,2026,1208,1119,12653,1282,4.435098894010288,144,7.483123811440211
Botswana,Africa,2027,1209,1153,12962,1346,3.136448217,144,7.440980710263871
Botswana,Africa,2028,1418,1264,11139,1210,0,144,7.461955982975164
Botswana,Africa,2029,1441,1304,11614,1271,0,144,7.419585063156735
Botswana,Africa,2030,1453,1341,12006,1334,0,144,7.377305183465288
Brazil,South America,2023,136814,124558,946233,213970,6.673524660470001,789,6.195448678345333
Brazil,South America,2024,119941,110752,753326,157195,3.5643561495341256,789,6.577536831117078
Brazil,South America,2025,129475,119049,752652,149295,2.7121741148920115,789,6.434600903801462
Brazil,South America,2026,140730,128768,755332,142471,1.9389174959971918,789,6.260364541886799
Brazil,South America,2027,153692,139899,761297,136707,1.2436545145671154,789,6.055119517555013
Brazil,South America,2028,136819,126093,568390,79932,0,789,6.437207670324293
Brazil,South America,2029,146353,134390,567716,72032,0,789,6.294271743007667
Brazil,South America,2030,157608,144110,570396,65209,0,789,6.1200353810932455
Bulgaria,Europe,2023,8322,7647,55079,8498,4.004110207062723,347,5.393849898
Bulgaria,Europe,2024,8770,8194,49196,7572,3.1360947119219276,347,6.102212326175414
Bulgaria,Europe,2025,9123,8493,47775,7583,1.8271768327191964,347,5.795710507
Bulgaria,Europe,2026,9475,8779,46124,7618,0.4104719098021583,347,5.419918686174707
Bulgaria,Europe,2027,9824,9053,44242,7677,0,347,4.9752142440108775
Bulgaria,Europe,2028,10273,9600,38359,6751,0,347,5.6835766725643495
Bulgaria,Europe,2029,10626,9898,36938,6762,0,347,5.377074853164904
Bulgaria,Europe,2030,10977,10184,35287,6797,0,347,5.001283032563775
Burkina Faso,Africa,2023,957,927,10041,1220,4.3050004397894845,142,3.9015716825167335
Burkina Faso,Africa,2024,1058,1012,7172,874,0.8568141643693181,142,3.9266406722335283
Burkina Faso,Africa,2025,1097,1052,7452,901,0,142,3.9060226847424966
Burkina Faso,Africa,2026,1130,1088,7748,931,0,142,3.895772186106109
Burkina Faso,Africa,2027,1157,1119,8061,965,0,142,3.8958694168985977
Burkina Faso,Africa,2028,1259,1204,5192,619,0,142,3.9209384066157833
Burkina Faso,Africa,2029,1297,1245,5472,646,0,142,3.900320419124635
Burkina Faso,Africa,2030,1331,1280,5769,676,0,142,3.8900699204887133
Burundi,Africa,2023,149,143,1144,62,6.204807839708973,64,0.7546619903489535
Burundi,Africa,2024,161,152,1335,64,5.178295235741139,64,0.9920416705584851
Burundi,Africa,2025,170,161,1317,65,3.5283939435235574,64,0.6938156456949898
Burundi,Africa,2026,179,170,1289,66,1.7768890182462869,64,0.3748471010043879
Burundi,Africa,2027,187,179,1253,67,0,64,0.035350059062734474
Burundi,Africa,2028,198,187,1444,69,0,64,0.2727297392706767
Burundi,Africa,2029,207,197,1426,70,0,64,0
Burundi,Africa,2030,216,206,1398,71,0,64,0
Cambodia,Asia,2023,655,657,6732,847,0,142,2.3334115427863775
Cambodia,Asia,2024,804,748,5480,671,0,142,2.442863753639033
Cambodia,Asia,2025,822,779,5311,681,0,142,2.2009819846243284
Cambodia,Asia,2026,832,804,5164,693,0,142,1.9208200715098016
Cambodia,Asia,2027,834,825,5040,706,0,142,1.6025803701694379
Cambodia,Asia,2028,983,917,3788,530,0,142,1.7120325810201802
Cambodia,Asia,2029,1001,947,3619,540,0,142,1.4701508120048095
Cambodia,Asia,2030,1011,973,3473,552,0,142,1.1899888988903609
Cameroon,Africa,2023,2781,2536,30157,4471,5.9540768046196355,186,2.713828161335746
Cameroon,Africa,2024,3034,2837,27924,4333,4.397133574498646,186,2.5315553266771613
Cameroon,Africa,2025,3173,2953,28646,4378,2.750584734525205,186,2.4788831809590053
Cameroon,Africa,2026,3314,3066,29455,4433,1.1055928471337602,186,2.4364206462617126
Cameroon,Africa,2027,3457,3177,30350,4497,0,186,2.4040960189823792
Cameroon,Africa,2028,3710,3478,28117,4359,0,186,2.2218231843244527
Cameroon,Africa,2029,3849,3594,28839,4404,0,186,2.1691510386065462
Cameroon,Africa,2030,3990,3707,29648,4459,0,186,2.126688503909213
Canada,North America,2023,167396,141956,1567664,247234,8.046081342,1562,8.993488952
Canada,North America,2024,148360,132734,968601,153635,3.055276640507117,1562,8.673632177622261
Canada,North America,2025,157727,140032,853920,136462,1.0596875132981651,1562,8.628972567823505
Canada,North America,2026,169128,148515,754442,122214,0,1562,8.594508865279895
Canada,North America,2027,182550,158175,669971,110860,0,1562,8.570229948496776
Canada,North America,2028,163513,148953,70909,17261,0,1562,8.250373173806176
Canada,North America,2029,172880,156250,0,88,0,1562,8.205713564008034
Canada,North America,2030,184282,164733,0,0,0,1562,8.171249861
Cape Verde,Africa,2023,86,84,737,123,0,48,7.668776208
Cape Verde,Africa,2024,97,90,802,96,0,48,7.464458835483504
Cape Verde,Africa,2025,102,95,807,107,0,48,7.444201852450579
Cape Verde,Africa,2026,107,101,809,119,0,48,7.437498793951185
Cape Verde,Africa,2027,112,107,810,131,0,48,7.444337537472088
Cape Verde,Africa,2028,123,113,875,104,0,48,7.240020165
Cape Verde,Africa,2029,128,118,879,115,0,48,7.219763181905502
Cape Verde,Africa,2030,133,124,882,127,0,48,7.213060123405212
Central African Republic,Africa,2023,120,114,2299,45,26.496671143249323,70,1.5653477553261639
Central African Republic,Africa,2024,108,103,1390,38,10.074962680873098,70,1.2860620600708803
Central African Republic,Africa,2025,118,112,1627,37,12.149203539636448,70,1.3108581280204743
Central African Republic,Africa,2026,128,121,1882,37,14.631546078293487,70,1.3469617295552825
Central African Republic,Africa,2027,138,131,2157,36,17.515333541428397,70,1.3942517811280017
Central African Republic,Africa,2028,127,120,1247,29,1.0936250790970092,70,1.1149660858736283
Central African Republic,Africa,2029,136,129,1484,28,3.167865937897858,70,1.1397621538238338
Central African Republic,Africa,2030,146,139,1740,28,5.650208476512979,70,1.175865755358065
Chad,Africa,2023,96,87,1145,79,13.437643789083225,57,1.4930899038916503
Chad,Africa,2024,114,108,1008,69,7.799253213772737,57,1.6533895187312768
Chad,Africa,2025,118,111,1087,74,8.111195878996536,57,1.6322075803945693
Chad,Africa,2026,123,114,1166,81,8.379549287,57,1.5977520373845882
Chad,Africa,2027,127,116,1242,87,8.602557096144533,57,1.5501068863741607
Chad,Africa,2028,145,138,1105,77,2.964166520842763,57,1.7104065012130683
Chad,Africa,2029,149,141,1185,82,3.2761091860789264,57,1.6892245628760028
Chad,Africa,2030,153,143,1263,89,3.5444625943376025,57,1.6547690198662566
Chile,South America,2023,26487,24102,251649,41317,6.412769518,515,7.543708868730478
Chile,South America,2024,24659,22869,212343,34314,3.0564531607797747,515,8.233575863888964
Chile,South America,2025,26583,24535,217737,34901,1.5120778895627929,515,8.130124469283555
Chile,South America,2026,28729,26371,223551,35600,0.037495952728264115,515,7.970194933795234
Chile,South America,2027,31096,28377,229768,36410,0,515,7.754198751078507
Chile,South America,2028,29269,27143,190462,29407,0,515,8.444065746233438
Chile,South America,2029,31192,28810,195857,29994,0,515,8.340614351626494
Chile,South America,2030,33339,30646,201670,30693,0,515,8.180684816138795
China,Asia,2023,868314,847822,13622594,8797608,15.017734704747227,1333,1.9604606743846462
China,Asia,2024,1006712,982624,12306815,8212767,12.257501495297385,1333,1.935421218
China,Asia,2025,1033076,1008133,13038920,8708440,12.27207647169971,1333,1.8211216358666718
China,Asia,2026,1054156,1028511,13788710,9213604,12.306292218866625,1333,1.7081940820661508
China,Asia,2027,1069999,1043806,14555500,9727897,12.359213191262304,1333,1.596658607
China,Asia,2028,1208396,1178608,13239721,9143056,9.598979981818168,1333,1.5716191502241916
China,Asia,2029,1234761,1204117,13971825,9638729,9.613554958226189,1333,1.4573195683761038
China,Asia,2030,1255841,1224495,14721615,10143893,9.647770705386208,1333,1.344392014575911
Colombia,South America,2023,23235,21549,187280,28143,6.295753488955629,405,6.319719251922571
Colombia,South America,2024,22581,21026,154525,23858,2.3074236205636858,405,6.9906427225635515
Colombia,South America,2025,24243,22550,163185,25080,1.4749477038917647,405,6.879099976884006
Colombia,South America,2026,26042,24186,172246,26366,0.7147916833520114,405,6.692836121
Colombia,South America,2027,27975,25933,181693,27715,0.025750632966040854,405,6.432250019833733
Colombia,South America,2028,27321,25410,148938,23430,0,405,7.103173490471043
Colombia,South America,2029,28984,26934,157598,24652,0,405,6.991630744789974
Colombia,South America,2030,30782,28570,166659,25939,0,405,6.805366888685585
Comoros,Africa,2023,23,23,355,11,0,27,3.1944158169890247
Comoros,Africa,2024,24,24,309,10,0,27,3.1486362376729065
Comoros,Africa,2025,25,25,327,10,0,27,3.116750052648377
Comoros,Africa,2026,26,26,341,10,0,27,3.091865925101587
Comoros,Africa,2027,27,27,353,10,0,27,3.073957575481973
Comoros,Africa,2028,29,29,307,9,0,27,3.0281779961661908
Comoros,Africa,2029,30,30,325,9,0,27,2.9962918111416754
Comoros,Africa,2030,31,31,339,8,0,27,2.971407683595066
Congo,Africa,2023,522,488,7653,220,10.078746899751913,137,3.0072600202092605
Congo,Africa,2024,583,535,6363,182,6.497294330244465,137,3.0487353536080413
Congo,Africa,2025,592,545,6320,145,5.158772266253742,137,3.049952258481359
Congo,Africa,2026,599,554,6252,108,3.712698403382568,137,3.048055013177301
Congo,Africa,2027,604,560,6158,72,2.158573780776379,137,3.043058796532236
Congo,Africa,2028,665,606,4868,34,0,137,3.0845341299308986
Congo,Africa,2029,674,617,4826,0,0,137,3.0857510348041375
Congo,Africa,2030,680,625,4758,0,0,137,3.0838537895001688
Costa Rica,South America,2023,2008,1869,12785,2174,0,235,7.287785398551755
Costa Rica,South America,2024,2082,1945,12656,1625,0,235,8.378240035511865
Costa Rica,South America,2025,2196,2053,11683,1718,0,235,8.211248832537262
Costa Rica,South America,2026,2312,2161,10719,1818,0,235,7.943510979431233
Costa Rica,South America,2027,2432,2269,9765,1927,0,235,7.573733501504089
Costa Rica,South America,2028,2506,2345,9635,1378,0,235,8.664188138475906
Costa Rica,South America,2029,2620,2453,8662,1471,0,235,8.497196935512095
Costa Rica,South America,2030,2736,2561,7699,1571,0,235,8.229459082441435
Croatia,Europe,2023,9890,9028,87578,11353,6.909460896545406,380,6.314692771889222
Croatia,Europe,2024,10451,9545,70562,8990,4.869497761,380,6.375561449
Croatia,Europe,2025,10704,9756,69385,8778,3.980805258448168,380,6.325276365001274
Croatia,Europe,2026,10957,9967,68495,8680,3.094145704718855,380,6.266635123011886
Croatia,Europe,2027,11210,10179,67888,8696,2.2091324596320305,380,6.199723924547051
Croatia,Europe,2028,11771,10697,50873,6333,0.16916932383273675,380,6.260592601
Croatia,Europe,2029,12024,10907,49696,6121,0,380,6.210307517658148
Croatia,Europe,2030,12277,11119,48806,6023,0,380,6.151666276
Cuba,South America,2023,2909,2529,7681,1278,1.4167222170797302,223,2.744885074952662
Cuba,South America,2024,2738,2420,3309,656,0.46156680529841587,223,2.2665564616272436
Cuba,South America,2025,2827,2476,1914,478,0,223,2.2263455919135478
Cuba,South America,2026,2935,2547,774,331,0,223,2.2127560561282342
Cuba,South America,2027,3062,2630,0,213,0,223,2.225593028613995
Cuba,South America,2028,2891,2522,0,0,0,223,1.7472644152902157
Cuba,South America,2029,2980,2578,0,0,0,223,1.7070535455773883
Cuba,South America,2030,3087,2648,0,0,0,223,1.693464009791441
Cyprus,Europe,2023,5139,4372,75778,5992,11.978310695894894,303,7.591025140432217
Cyprus,Europe,2024,5313,4689,64046,5352,7.7945627581004295,303,7.292016164429872
Cyprus,Europe,2025,5605,4911,67353,5481,6.585452010392935,303,7.2902309970750245
Cyprus,Europe,2026,5922,5141,70858,5650,5.302656951487464,303,7.305567045455901
Cyprus,Europe,2027,6264,5379,74556,5861,3.9453807809965795,303,7.339987585419292
Cyprus,Europe,2028,6438,5696,62823,5221,0,303,7.0409786094094065
Cyprus,Europe,2029,6730,5919,66131,5350,0,303,7.039193442034312
Cyprus,Europe,2030,7047,6149,69636,5520,0,303,7.054529490450409
Denmark,Europe,2023,46798,39034,613900,68279,8.844485213127342,1014,9.606479942523748
Denmark,Europe,2024,40272,36553,452599,50957,3.7780764507105857,1014,9.304241428832642
Denmark,Europe,2025,43261,38640,436245,48031,1.1008058828962888,1014,9.389111408055248
Denmark,Europe,2026,46904,41033,422203,45340,0,1014,9.496178929611082
Denmark,Europe,2027,51195,43727,410422,42881,0,1014,9.625243059444491
Denmark,Europe,2028,44669,41246,249120,25560,0,1014,9.323004545755106
Denmark,Europe,2029,47658,43333,232766,22633,0,1014,9.407874524978467
Denmark,Europe,2030,51301,45725,218725,19943,0,1014,9.514942046534035
Djibouti,Africa,2023,41,34,123,0,0,39,2.9868301254585026
Djibouti,Africa,2024,45,41,266,25,2.194817696570855,39,2.8980612590769166
Djibouti,Africa,2025,47,42,223,16,0,39,2.9364160191775373
Djibouti,Africa,2026,49,43,183,8,0,39,2.9838271694750422
Djibouti,Africa,2027,51,44,146,0,0,39,3.040226760298337
Djibouti,Africa,2028,56,52,289,36,0,39,2.951457893917357
Djibouti,Africa,2029,57,52,246,27,0,39,2.989812654018227
Djibouti,Africa,2030,59,53,206,18,0,39,3.0372238043156585
Dominican Republic,South America,2023,407,380,5333,270,10.868091044086608,93,6.459482145011243
Dominican Republic,South America,2024,451,424,4408,254,4.515061777717161,93,6.172234605180994
Dominican Republic,South America,2025,476,447,4816,272,3.9524545454337563,93,6.1701423797905015
Dominican Republic,South America,2026,500,469,5234,290,3.4404356695636515,93,6.197083043314952
Dominican Republic,South America,2027,524,491,5661,308,2.9770276723409417,93,6.252927924539727
Dominican Republic,South America,2028,568,534,4736,292,0,93,5.965680384710704
Dominican Republic,South America,2029,592,557,5144,310,0,93,5.963588159320777
Dominican Republic,South America,2030,616,580,5562,328,0,93,5.990528822844863
Ecuador,South America,2023,7786,7381,56569,10789,0,223,5.648204701890792
Ecuador,South America,2024,8703,8262,54580,10477,0,223,6.048970953228267
Ecuador,South America,2025,9254,8784,57520,11245,0,223,5.9782159805634425
Ecuador,South America,2026,9775,9278,60628,12030,0,223,5.868858322628257
Ecuador,South America,2027,10265,9743,63900,12832,0,223,5.7211190320257765
Ecuador,South America,2028,11182,10624,61911,12520,0,223,6.121885283
Ecuador,South America,2029,11733,11146,64851,13287,0,223,6.051130310695559
Ecuador,South America,2030,12253,11639,67958,14073,0,223,5.941772652760965
Egypt,Africa,2023,40680,38982,550915,147360,9.979624696035009,409,4.011872416423649
Egypt,Africa,2024,44171,42308,492534,133558,8.132824423862235,409,3.145887664752478
Egypt,Africa,2025,46426,44470,526316,144638,7.247449060410968,409,3.313874902
Egypt,Africa,2026,48669,46614,562408,156630,6.3464744319354836,409,3.5158747101593804
Egypt,Africa,2027,50900,48740,600774,169525,5.429587618078241,409,3.7514812159721775
Egypt,Africa,2028,54391,52067,542393,155722,3.582787345907132,409,2.885496464303983
Egypt,Africa,2029,56646,54229,576175,166802,2.697411982457858,409,3.053483701191693
Egypt,Africa,2030,58889,56373,612266,178794,1.7964373539799041,409,3.2554835097109494
El Salvador,South America,2023,179,149,2178,174,6.882378184845251,85,6.380530494805672
El Salvador,South America,2024,206,184,1165,112,0,85,5.099479762391761
El Salvador,South America,2025,210,184,1212,126,0,85,5.188010822
El Salvador,South America,2026,212,183,1250,140,0,85,5.361547160467101
El Salvador,South America,2027,213,180,1280,154,0,85,5.619391183762687
El Salvador,South America,2028,240,215,267,92,0,85,4.338340451354718
El Salvador,South America,2029,243,216,314,106,0,85,4.426871511125832
El Salvador,South America,2030,245,215,352,120,0,85,4.600407849431542
Equatorial Guinea,Africa,2023,26,28,851,50,26.25535251866357,38,1.809395381919947
Equatorial Guinea,Africa,2024,28,28,523,42,11.69276127660519,38,1.9325076792305593
Equatorial Guinea,Africa,2025,29,30,617,45,13.486775109408178,38,1.9195810739688655
Equatorial Guinea,Africa,2026,30,31,711,49,15.223844838636033,38,1.8978606012397068
Equatorial Guinea,Africa,2027,31,33,805,52,16.89903171734393,38,1.8674065843773724
Equatorial Guinea,Africa,2028,33,33,477,43,2.336440475311221,38,1.990518881687486
Equatorial Guinea,Africa,2029,34,35,571,47,4.130454308148103,38,1.977592276425522
Equatorial Guinea,Africa,2030,35,36,665,50,5.867524037329488,38,1.9558718036965674
Eritrea,Africa,2023,65,62,357,4,7.551598025204125,60,1.5271009591480629
Eritrea,Africa,2024,87,81,478,12,2.057494558767896,60,1.777817779224144
Eritrea,Africa,2025,88,82,423,8,1.0367170996375528,60,1.6287548609906843
Eritrea,Africa,2026,88,82,367,5,0.23702920298052987,60,1.4511916749084404
Eritrea,Africa,2027,88,82,310,1,0,60,1.2453140554740625
Eritrea,Africa,2028,109,101,431,9,0,60,1.4960308755485578
Eritrea,Africa,2029,110,102,375,5,0,60,1.3469679573143116
Eritrea,Africa,2030,110,103,319,2,0,60,1.1694047712325775
Estonia,Europe,2023,5144,4715,84937,5952,15.810699128262371,383,6.788678411333448
Estonia,Europe,2024,5167,4780,67932,5034,9.763273458862134,383,7.817234356216824
Estonia,Europe,2025,5404,5000,69512,4725,8.796270427,383,7.593362675612025
Estonia,Europe,2026,5664,5235,71182,4434,7.851825498277272,383,7.282258651899647
Estonia,Europe,2027,5948,5486,72935,4160,6.9282597375240655,383,6.884740782591097
Estonia,Europe,2028,5971,5551,55929,3242,0.8808340681337583,383,7.913296727467214
Estonia,Europe,2029,6208,5771,57510,2933,0,383,7.689425046860098
Estonia,Europe,2030,6468,6006,59179,2642,0,383,7.378321023147103
Eswatini,Africa,2023,141,139,0,87,0,89,3.416179893242238
Eswatini,Africa,2024,198,186,292,110,0,89,3.125649537331679
Eswatini,Africa,2025,194,184,0,106,0,89,3.1952738039713946
Eswatini,Africa,2026,186,180,0,102,0,89,3.2846382820751847
Eswatini,Africa,2027,176,173,0,99,0,89,3.393558858194263
Eswatini,Africa,2028,233,220,0,123,0,89,3.1030285022852553
Eswatini,Africa,2029,229,218,0,119,0,89,3.172652768925669
Eswatini,Africa,2030,222,214,0,115,0,89,3.2620172470291626
Ethiopia,Africa,2023,8112,7846,88823,21065,5.847388750690133,226,3.2936108384370457
Ethiopia,Africa,2024,9984,9607,91500,21014,4.250064408158238,226,3.0969150254643796
Ethiopia,Africa,2025,10404,10027,95488,21993,2.2297961047856063,226,3.073598962067499
Ethiopia,Africa,2026,10792,10418,99740,23021,0.23095075323947256,226,3.057588507871379
Ethiopia,Africa,2027,11150,10782,104254,24100,0,226,3.0487780082799767
Ethiopia,Africa,2028,13022,12542,106931,24048,0,226,2.8520821953082143
Ethiopia,Africa,2029,13442,12962,110919,25027,0,226,2.828766131911657
Ethiopia,Africa,2030,13831,13353,115171,26056,0,226,2.812755677715563
Fiji,Oceania,2023,828,692,8487,818,10.672488772795525,127,6.624588474758971
Fiji,Oceania,2024,748,628,7887,769,8.254650344,127,7.012070211607407
Fiji,Oceania,2025,818,685,7978,802,6.351351664070208,127,7.188240409921953
Fiji,Oceania,2026,897,749,8038,838,4.232242764472566,127,7.3328420702204244
Fiji,Oceania,2027,986,821,8068,878,1.897607271,127,7.446010364323234
Fiji,Oceania,2028,906,758,7468,829,0,127,7.833492101170293
Fiji,Oceania,2029,976,814,7558,862,0,127,8.009662299484443
Fiji,Oceania,2030,1055,879,7619,898,0,127,8.154263959782826
Finland,Europe,2023,30710,26205,356598,41393,9.58323464,847,9.002590394
Finland,Europe,2024,28937,26145,257193,29943,4.808871565054865,847,9.278279550579326
Finland,Europe,2025,30382,27182,241001,27535,2.9378081954156414,847,9.232740756397579
Finland,Europe,2026,32051,28295,226484,25437,1.1362521361692188,847,9.166611316
Finland,Europe,2027,33944,29485,213610,23644,0,847,9.079879987887384
Finland,Europe,2028,32172,29425,114206,12194,0,847,9.355569144808598
Finland,Europe,2029,33616,30462,98014,9786,0,847,9.310030350626135
Finland,Europe,2030,35286,31575,83496,7687,0,847,9.24390091
France,Europe,2023,164333,143101,1365562,226385,9.393065771393715,1514,7.7195996916004885
France,Europe,2024,135465,121566,730985,99200,3.644880073,1514,8.055681952997968
France,Europe,2025,143140,127489,602341,74627,2.3715151223992024,1514,7.998797021592066
France,Europe,2026,153477,135333,496439,55304,1.2949826760345857,1514,7.911063595560764
France,Europe,2027,166456,145083,413059,41185,0.41333495819205623,1514,7.792647614846812
France,Europe,2028,137588,123548,0,0,0,1514,8.128729876242884
France,Europe,2029,145263,129471,0,0,0,1514,8.071844945
France,Europe,2030,155600,137315,0,0,0,1514,7.984111518805563
Gabon,Africa,2023,225,197,3976,92,16.50446633453749,129,2.8694674296693172
Gabon,Africa,2024,301,274,2657,86,6.193012477847816,129,3.181307683379554
Gabon,Africa,2025,297,268,2673,51,5.820682386093729,129,3.0363844701244536
Gabon,Africa,2026,291,259,2674,17,5.382377008833352,129,2.8568476188541174
Gabon,Africa,2027,281,248,2659,0,4.8751320045179085,129,2.6428573968863436
Gabon,Africa,2028,358,325,1339,0,0,129,2.954697651
Gabon,Africa,2029,354,319,1355,0,0,129,2.8097744373392195
Gabon,Africa,2030,347,310,1356,0,0,129,2.630237586069957
Gambia,Africa,2023,314,296,6681,201,24.025198556584854,158,4.094915491497181
Gambia,Africa,2024,326,305,5951,139,17.40712916218571,158,4.601063734209442
Gambia,Africa,2025,342,320,5817,122,14.629329114489053,158,4.608892375943055
Gambia,Africa,2026,359,337,5609,107,11.354324575132395,158,4.605796934883916
Gambia,Africa,2027,379,356,5328,95,7.581954908220823,158,4.591952508171477
Gambia,Africa,2028,391,365,4598,34,0.9638855138127553,158,5.098100750882586
Gambia,Africa,2029,407,380,4464,16,0,158,5.105929392615188
Gambia,Africa,2030,424,397,4257,2,0,158,5.102833952
Georgia,Europe,2023,3049,2684,48775,4127,8.898744233457862,248,6.338924214
Georgia,Europe,2024,3030,2727,40788,3001,6.700192711018907,248,5.696982471714842
Georgia,Europe,2025,3224,2893,43040,3159,4.598051932756157,248,5.872228081564748
Georgia,Europe,2026,3418,3054,45216,3352,2.3594149498123116,248,6.103178562583912
Georgia,Europe,2027,3610,3210,47315,3578,0,248,6.389438871393812
Georgia,Europe,2028,3591,3253,39328,2452,0,248,5.747497129
Georgia,Europe,2029,3785,3419,41580,2610,0,248,5.922742738863737
Georgia,Europe,2030,3979,3580,43756,2803,0,248,6.1536932198820375
Germany,Europe,2023,268606,230160,2192397,499600,7.114619195,1690,7.983061231560786
Germany,Europe,2024,232802,204963,1341755,309907,2.6203617486303266,1690,8.772279574
Germany,Europe,2025,247248,216029,1152791,269314,0.8180002287491632,1690,8.630563312008126
Germany,Europe,2026,265264,229704,985403,234361,0,1690,8.426363325187836
Germany,Europe,2027,286823,245971,839326,204986,0,1690,8.16208893
Germany,Europe,2028,251018,220774,0,15293,0,1690,8.951307273060625
Germany,Europe,2029,265465,231839,0,0,0,1690,8.809591010693218
Germany,Europe,2030,283480,245515,0,0,0,1690,8.605391024
Ghana,Africa,2023,5611,5225,65248,12330,3.559814215325506,222,5.5514068570940935
Ghana,Africa,2024,6560,6076,61532,10896,1.1806498123217963,222,6.163518616985864
Ghana,Africa,2025,6864,6369,64576,11749,0,222,5.950512837
Ghana,Africa,2026,7139,6635,67763,12642,0,222,5.685000923580876
Ghana,Africa,2027,7384,6876,71089,13574,0,222,5.3672879755332055
Ghana,Africa,2028,8333,7727,67373,12139,0,222,5.979399735422528
Ghana,Africa,2029,8637,8019,70417,12993,0,222,5.766393955647159
Ghana,Africa,2030,8911,8286,73603,13886,0,222,5.500882042017653
Greece,Europe,2023,25726,21993,320667,45573,11.681058966530511,685,6.810777829306675
Greece,Europe,2024,26888,23162,225155,33512,6.685167312,685,7.9235234432940285
Greece,Europe,2025,27392,23516,218084,33232,5.808519260614105,685,7.804579207390828
Greece,Europe,2026,27926,23877,213767,33549,5.063192716707238,685,7.612922482528161
Greece,Europe,2027,28489,24247,212170,34457,4.447555282855333,685,7.349151372909187
Greece,Europe,2028,29651,25416,116658,22396,0,685,8.461896987
Greece,Europe,2029,30155,25770,109587,22116,0,685,8.342952751
Greece,Europe,2030,30688,26131,105270,22433,0,685,8.151296026
Guatemala,South America,2023,630,590,6334,497,0,123,3.262874935575054
Guatemala,South America,2024,581,529,5466,387,0.4271561008250515,123,3.6789052771796786
Guatemala,South America,2025,630,577,5552,413,0,123,3.2657437195139662
Guatemala,South America,2026,685,633,5649,441,0,123,2.795044267078728
Guatemala,South America,2027,748,696,5757,472,0,123,2.2672340730969713
Guatemala,South America,2028,699,635,4889,362,0,123,2.6832644146979003
Guatemala,South America,2029,748,684,4975,388,0,123,2.2701028570305883
Guatemala,South America,2030,804,739,5072,416,0,123,1.799403404596025
Guinea,Africa,2023,240,219,2606,214,0,88,3.2169443156453337
Guinea,Africa,2024,236,214,2540,187,0.6973024682000215,88,2.9881809678670463
Guinea,Africa,2025,255,231,2592,199,0,88,3.0511179321079602
Guinea,Africa,2026,275,250,2642,210,0,88,3.1090583282315256
Guinea,Africa,2027,295,269,2690,222,0,88,3.1619189781917867
Guinea,Africa,2028,291,264,2624,194,0,88,2.9331556304138724
Guinea,Africa,2029,310,281,2676,206,0,88,2.9960925946553965
Guinea,Africa,2030,329,300,2726,218,0,88,3.0540329907780883
Guinea-Bissau,Africa,2023,86,77,979,126,6.4541368237647845,75,2.688784035814086
Guinea-Bissau,Africa,2024,84,77,745,79,0.2642989653935537,75,2.9550746680292628
Guinea-Bissau,Africa,2025,89,81,751,71,0,75,3.0144054655781063
Guinea-Bissau,Africa,2026,94,85,762,63,0,75,3.0475055878598383
Guinea-Bissau,Africa,2027,100,90,779,57,0,75,3.054498288715919
Guinea-Bissau,Africa,2028,98,90,545,10,0,75,3.3207889209298753
Guinea-Bissau,Africa,2029,103,94,551,2,0,75,3.3801197184783267
Guinea-Bissau,Africa,2030,108,98,562,0,0,75,3.413219840760064
Guyana,South America,2023,146,139,1590,75,11.11470404347606,66,5.920147129
Guyana,South America,2024,151,143,1670,62,11.972050193590484,66,6.235593984583198
Guyana,South America,2025,162,153,1750,69,11.079074050885662,66,6.173913908745276
Guyana,South America,2026,172,164,1820,76,9.975219223168406,66,6.101201753673354
Guyana,South America,2027,182,174,1880,83,8.661487120670472,66,6.017605103051926
Guyana,South America,2028,187,177,1960,70,9.518833270775204,66,6.333051959
Guyana,South America,2029,198,188,2040,77,8.625857128,66,6.271371883221702
Guyana,South America,2030,208,198,2110,84,7.522002300350184,66,6.198659728150538
Honduras,South America,2023,461,423,4980,296,0,89,4.811892496
Honduras,South America,2024,472,434,4254,262,0,89,4.7143087540212285
Honduras,South America,2025,509,468,4605,287,0,89,4.579811465647948
Honduras,South America,2026,545,501,4967,312,0,89,4.438266859533854
Honduras,South America,2027,582,535,5341,337,0,89,4.289794425867647
Honduras,South America,2028,593,546,4615,304,0,89,4.192210683691216
Honduras,South America,2029,630,579,4965,329,0,89,4.057713395317921
Honduras,South America,2030,667,613,5328,354,0,89,3.916168789202925
Hong Kong,Asia,2023,29043,25010,648123,63362,20.118191324554505,800,5.814023577023067
Hong Kong,Asia,2024,35409,33375,553014,55537,14.519728827115543,800,4.8905321898584475
Hong Kong,Asia,2025,36188,33732,564269,56469,13.608142080224884,800,4.878109213022645
Hong Kong,Asia,2026,36688,33630,576568,57620,12.722786459707326,800,4.930734102943497
Hong Kong,Asia,2027,36911,33072,589873,58987,11.86207708,800,5.047966030665574
Hong Kong,Asia,2028,43277,41437,494764,51163,6.263614585046341,800,4.124474643504803
Hong Kong,Asia,2029,44056,41794,506019,52094,5.352027838165299,800,4.112051666670785
Hong Kong,Asia,2030,44556,41692,518318,53245,4.466672217636159,800,4.164676556590669
Hungary,Europe,2023,18273,16268,185467,23365,11.101582931026526,599,5.626349568485101
Hungary,Europe,2024,17861,16525,138673,17682,6.646826873728173,599,6.366673723
Hungary,Europe,2025,18905,17358,137506,17352,5.879268482645454,599,6.166023753746174
Hungary,Europe,2026,20050,18232,137484,17214,5.240537822293703,599,5.904562399892517
Hungary,Europe,2027,21295,19146,138590,17264,4.7291475347380505,599,5.582916286764672
Hungary,Europe,2028,20883,19402,91796,11580,0.2743914774508802,599,6.323240441653613
Hungary,Europe,2029,21927,20236,90629,11251,0,599,6.122590472018507
Hungary,Europe,2030,23072,21110,90607,11112,0,599,5.8611291181642775
Iceland,Europe,2023,2570,2022,30244,3908,4.076507701178215,393,8.095477666035107
Iceland,Europe,2024,2488,2153,17978,2275,0,393,9.061751632949187
Iceland,Europe,2025,2609,2210,15482,2350,0,393,8.776072219
Iceland,Europe,2026,2743,2262,13202,2475,0,393,8.406654986725318
Iceland,Europe,2027,2888,2309,11135,2651,0,393,7.954097446568882
Iceland,Europe,2028,2806,2440,0,1018,0,393,8.920371413477895
Iceland,Europe,2029,2928,2497,0,1093,0,393,8.634691999725028
Iceland,Europe,2030,3061,2549,0,1218,0,393,8.265274767253015
India,Asia,2023,251492,234337,2281531,896034,5.420942521070877,858,6.726561058
India,Asia,2024,296795,295448,2002365,791423,2.9494257152410963,858,6.706696228315044
India,Asia,2025,304626,305530,2066744,826266,2.047062061352001,858,6.627597788056346
India,Asia,2026,309987,311949,2138008,863761,1.2468152367467393,858,6.5501467571503795
India,Asia,2027,312895,314729,2216031,903857,0.5479147665608117,858,6.4743534311711395
India,Asia,2028,358198,375840,1936865,799247,0,858,6.454488601162882
India,Asia,2029,366029,385922,2001244,834089,0,858,6.375390160904062
India,Asia,2030,371390,392341,2072508,871584,0,858,6.297939129998352
Indonesia,Asia,2023,65989,64580,269694,112207,0,318,6.646877809446935
Indonesia,Asia,2024,69707,68260,262941,109670,0,318,6.562844095798945
Indonesia,Asia,2025,75165,73613,280833,118774,0,318,6.568253473772005
Indonesia,Asia,2026,80566,78907,299063,127904,0,318,6.577157413821844
Indonesia,Asia,2027,85911,84141,317622,137059,0,318,6.589508826511453
Indonesia,Asia,2028,89628,87821,310869,134523,0,318,6.505475112863876
Indonesia,Asia,2029,95087,93174,328761,143626,0,318,6.510884490837112
Indonesia,Asia,2030,100488,98468,346991,152757,0,318,6.519788430886899
Iran,Asia,2023,106035,100255,1115648,298206,10.384922962156013,490,2.4656933721444947
Iran,Asia,2024,95910,91614,976276,258297,8.442714027,490,2.3874981398162323
Iran,Asia,2025,103881,98897,1026597,269397,7.815357126914671,490,2.438728591635481
Iran,Asia,2026,112875,107053,1078942,281066,7.209592183,490,2.4901712079199503
Iran,Asia,2027,122883,116074,1133247,293284,6.624927203745392,490,2.5417812609682624
Iran,Asia,2028,112758,107433,993875,253375,4.682718268130374,490,2.463586028640271
Iran,Asia,2029,120729,114717,1044196,264475,4.055361368510095,490,2.514816480459786
Iran,Asia,2030,129723,122873,1096541,276144,3.449596424799754,490,2.566259096743943
Iraq,Asia,2023,23939,23603,164952,53266,3.7995955081777772,199,3.7718501577300896
Iraq,Asia,2024,24853,24440,158175,50934,3.386102602686318,199,3.403850704997526
Iraq,Asia,2025,26994,26566,172555,56062,2.1829164591082346,199,3.4171287665150754
Iraq,Asia,2026,29089,28646,187237,61246,0.9907913917423041,199,3.456717105
Iraq,Asia,2027,31135,30678,202214,66483,0,199,3.5224270577069263
Iraq,Asia,2028,32049,31515,195438,64150,0,199,3.154427604975998
Iraq,Asia,2029,34191,33641,209817,69278,0,199,3.1677056664943013
Iraq,Asia,2030,36285,35720,224499,74462,0,199,3.2072940052947714
Ireland,Europe,2023,28394,18475,295132,29299,11.700303322602451,711,8.491572807886225
Ireland,Europe,2024,24752,19069,210331,22478,5.610738387072754,711,9.061822489928256
Ireland,Europe,2025,26886,19690,205098,22059,4.166320744407873,711,8.935207615043957
Ireland,Europe,2026,29443,20351,202343,21885,2.8728912943760747,711,8.761378163594044
Ireland,Europe,2027,32418,21052,202034,21952,1.728573732686442,711,8.540680654564834
Ireland,Europe,2028,28775,21646,117233,15131,0,711,9.110930336603918
Ireland,Europe,2029,30910,22267,112000,14712,0,711,8.984315461718262
Ireland,Europe,2030,33467,22928,109244,14537,0,711,8.810486010269049
Israel,Asia,2023,34009,29049,284288,37213,4.732588631,914,7.966520625939409
Israel,Asia,2024,30774,27849,190640,25727,2.094589240202403,914,8.05035586
Israel,Asia,2025,32716,29342,164278,23452,0,914,8.073777117768733
Israel,Asia,2026,35023,31023,138995,21450,0,914,8.091762895770072
Israel,Asia,2027,37693,32891,114766,19717,0,914,8.104034374
Israel,Asia,2028,34458,31692,21118,8232,0,914,8.187869608469892
Israel,Asia,2029,36401,33185,0,5956,0,914,8.211290866058759
Israel,Asia,2030,38708,34866,0,3954,0,914,8.229276644063072
Italy,Europe,2023,227554,189526,2017709,528028,9.52169432,1333,8.290719603
Italy,Europe,2024,192084,166385,1498087,415223,4.332392819659834,1333,7.602361599317621
Italy,Europe,2025,210388,180429,1468163,415765,2.9827381199079817,1333,7.718216528644938
Italy,Europe,2026,232381,197057,1451358,419599,1.7845165840239154,1333,7.892496347852595
Italy,Europe,2027,258036,216251,1447482,426681,0.736114353,1333,8.124849009477472
Italy,Europe,2028,222566,193111,927860,313875,0,1333,7.436491005307763
Italy,Europe,2029,240870,207155,897936,314417,0,1333,7.552345934636711
Italy,Europe,2030,262863,223783,881131,318251,0,1333,7.726625754
Jamaica,South America,2023,523,418,1383,90,1.0677418000643257,136,8.992354833806807
Jamaica,South America,2024,509,392,2296,59,2.8186007659954093,136,7.651938349039036
Jamaica,South America,2025,523,407,1326,26,0.1805816039446242,136,8.060190717
Jamaica,South America,2026,542,425,365,0,0,136,8.581337277469308
Jamaica,South America,2027,563,447,0,0,0,136,9.214734774
Jamaica,South America,2028,549,421,328,0,0,136,7.8743182897073405
Jamaica,South America,2029,564,435,0,0,0,136,8.282570657
Jamaica,South America,2030,582,453,0,0,0,136,8.803717218137319
Japan,Asia,2023,190350,174843,1071867,243013,6.647561761628101,1301,8.304492837972239
Japan,Asia,2024,156549,144694,542502,111762,3.290148543942607,1301,8.618174994649712
Japan,Asia,2025,167163,154295,439059,89328,2.300540578293596,1301,8.676098527620344
Japan,Asia,2026,181009,166785,355592,72745,1.3870267144809034,1301,8.714151397
Japan,Asia,2027,198065,182143,291914,61963,0.5486315909231436,1301,8.733170508087865
Japan,Asia,2028,164264,151995,0,0,0,1301,9.046852664757338
Japan,Asia,2029,174878,161596,0,0,0,1301,9.104776197727876
Japan,Asia,2030,188723,174085,0,0,0,1301,9.142829066751801
Jordan,Asia,2023,7838,7545,85961,16523,7.9120357719308245,251,3.7809326655955506
Jordan,Asia,2024,8991,8676,87551,17199,8.387604643056044,251,3.6107335866938954
Jordan,Asia,2025,9367,9036,91027,18157,7.2820835064468135,251,3.6293461638515336
Jordan,Asia,2026,9713,9366,94605,19157,6.150766709310936,251,3.6502465075588684
Jordan,Asia,2027,10028,9664,98284,20197,4.9941596143608855,251,3.6733554558581774
Jordan,Asia,2028,11182,10795,99874,20872,5.469728485483095,251,3.5031563769570826
Jordan,Asia,2029,11558,11156,103350,21831,4.364207348870618,251,3.5217689541151014
Jordan,Asia,2030,11903,11485,106928,22830,3.232890551739011,251,3.5426692978221137
Kazakhstan,Asia,2023,7785,7500,54670,12306,6.757577460566724,163,2.597249752007872
Kazakhstan,Asia,2024,8324,7983,52989,11697,4.658258124739035,163,2.882828572
Kazakhstan,Asia,2025,8874,8517,57141,12689,4.5657443184109425,163,2.7924481327818818
Kazakhstan,Asia,2026,9421,9051,61388,13705,4.492999743808221,163,2.6811260120744063
Kazakhstan,Asia,2027,9966,9586,65726,14746,4.439343520125357,163,2.5490290929819164
Kazakhstan,Asia,2028,10505,10069,64044,14138,2.3400241843018836,163,2.834607913189183
Kazakhstan,Asia,2029,11055,10603,68197,15129,2.2475103779778998,163,2.744227473753837
Kazakhstan,Asia,2030,11602,11138,72443,16146,2.174765803370226,163,2.6329053530469233
Kenya,Africa,2023,5538,4943,63208,8214,4.132379898711612,346,4.556342502
Kenya,Africa,2024,5974,5396,50964,6960,0.48120490756205214,346,4.854312000532383
Kenya,Africa,2025,6238,5630,50577,6927,0,346,4.738772147133356
Kenya,Africa,2026,6510,5861,50366,6919,0,346,4.598975281334395
Kenya,Africa,2027,6789,6090,50326,6936,0,346,4.435084627
Kenya,Africa,2028,7225,6542,38083,5683,0,346,4.733054126135241
Kenya,Africa,2029,7489,6777,37696,5649,0,346,4.617514272735396
Kenya,Africa,2030,7761,7008,37485,5641,0,346,4.477717407
Kuwait,Asia,2023,2808,2579,42226,3438,12.883176157448672,220,3.6523401527472865
Kuwait,Asia,2024,3249,3020,37102,3285,10.0318463,220,3.838764302396874
Kuwait,Asia,2025,3333,3091,39434,3448,9.853761055272672,220,3.7980928228097204
Kuwait,Asia,2026,3401,3146,41952,3618,9.728737529486471,220,3.7443782484707224
Kuwait,Asia,2027,3452,3184,44653,3794,9.655798695861973,220,3.6776999457123716
Kuwait,Asia,2028,3893,3625,39530,3641,6.804468841805422,220,3.8641240953613556
Kuwait,Asia,2029,3977,3696,41861,3805,6.626383593698028,220,3.823452615773741
Kuwait,Asia,2030,4044,3751,44379,3975,6.501360067905901,220,3.769738041435288
Kyrgyzstan,Asia,2023,770,700,9474,461,2.531708538961629,105,4.2703790188323385
Kyrgyzstan,Asia,2024,812,734,9970,435,7.9159249536314285,105,4.255977538643794
Kyrgyzstan,Asia,2025,870,787,10373,458,4.516475925,105,4.209023598
Kyrgyzstan,Asia,2026,929,842,10832,485,1.171831682,105,4.146469671362757
Kyrgyzstan,Asia,2027,989,898,11346,516,0,105,4.068354006694493
Kyrgyzstan,Asia,2028,1031,931,11842,491,3.268714834871332,105,4.053952526505459
Kyrgyzstan,Asia,2029,1088,984,12245,514,0,105,4.006998586313079
Kyrgyzstan,Asia,2030,1147,1039,12703,541,0,105,3.9444446592242035
Laos,Asia,2023,484,444,5891,539,2.514091703900206,117,1.9681523583312526
Laos,Asia,2024,462,423,4283,376,0.9348399743190328,117,1.8765041158181648
Laos,Asia,2025,494,452,4507,396,0,117,1.8621468862865342
Laos,Asia,2026,526,482,4723,417,0,117,1.8520911518703924
Laos,Asia,2027,560,514,4930,439,0,117,1.846299354
Laos,Asia,2028,538,493,3322,276,0,117,1.754651111639383
Laos,Asia,2029,569,522,3546,295,0,117,1.7402938821079053
Laos,Asia,2030,602,553,3762,316,0,117,1.7302381476916846
Latvia,Europe,2023,3826,3585,33723,4581,7.2619800927955875,225,5.093834386076498
Latvia,Europe,2024,3817,3545,33335,4269,7.112426613,225,6.965138750710184
Latvia,Europe,2025,4032,3746,33937,4415,6.208853567281086,225,6.497531839704765
Latvia,Europe,2026,4264,3967,34530,4579,5.2772065510149595,225,5.873398099130538
Latvia,Europe,2027,4514,4210,35115,4761,4.317759489299158,225,5.093874577418082
Latvia,Europe,2028,4505,4169,34726,4449,4.16820601,225,6.965178942042069
Latvia,Europe,2029,4719,4370,35328,4595,3.2646329637812332,225,6.4975720310320595
Latvia,Europe,2030,4951,4592,35922,4759,2.332985947516841,225,5.873438290460345
Lebanon,Asia,2023,6524,5314,80076,7886,10.261966001505861,295,2.537212656955802
Lebanon,Asia,2024,5933,5316,70946,7186,7.986868262868622,295,3.045542648
Lebanon,Asia,2025,6452,5660,74870,7657,6.792696242639376,295,2.688340738
Lebanon,Asia,2026,7038,6015,78919,8141,5.554463121944405,295,2.277454746
Lebanon,Asia,2027,7692,6380,83089,8638,4.271902508359606,295,1.8132967958457504
Lebanon,Asia,2028,7102,6382,73960,7938,1.9968047697231306,295,2.3216267865598157
Lebanon,Asia,2029,7620,6726,77884,8409,0.8026327494961798,295,1.9644248765845456
Lebanon,Asia,2030,8206,7081,81933,8893,0,295,1.5535388845610179
Lesotho,Africa,2023,146,139,1445,113,11.940480722360771,55,5.463888202207482
Lesotho,Africa,2024,160,150,1303,100,9.081154378981878,55,5.707609799412227
Lesotho,Africa,2025,168,159,1393,109,8.979638913445974,55,5.499230281745408
Lesotho,Africa,2026,177,168,1470,118,8.651054122783083,55,5.2664071686305425
Lesotho,Africa,2027,185,176,1535,125,8.095051928855366,55,5.009355422
Lesotho,Africa,2028,199,187,1393,113,5.2357255854736735,55,5.2530770187870734
Lesotho,Africa,2029,207,196,1483,122,5.134210119943745,55,5.044697501119371
Lesotho,Africa,2030,216,204,1560,130,4.805625329268413,55,4.811874388005047
Liberia,Africa,2023,147,133,3533,161,16.711348388472622,68,5.432090057318031
Liberia,Africa,2024,193,173,3593,133,18.40990906782207,68,5.631957532069225
Liberia,Africa,2025,197,178,3792,143,16.615209130553733,68,5.650811764262581
Liberia,Africa,2026,200,181,3972,154,14.523140572011386,68,5.654793049586049
Liberia,Africa,2027,202,183,4134,164,12.135461449004453,68,5.643985814773431
Liberia,Africa,2028,248,223,4194,136,13.834022128338226,68,5.843853289523897
Liberia,Africa,2029,252,228,4392,146,12.03932219,68,5.862707521716898
Liberia,Africa,2030,255,231,4573,157,9.947253632523918,68,5.8666888070406005
Libya,Africa,2023,604,560,11450,728,21.460176014981755,112,1.5372947580152543
Libya,Africa,2024,846,793,11160,713,16.739726143522248,112,1.170811360043452
Libya,Africa,2025,830,775,11626,760,17.915362344016316,112,1.0326625098191722
Libya,Africa,2026,813,757,12043,813,18.955718120580016,112,0.916124189
Libya,Africa,2027,796,738,12409,872,19.859264629585752,112,0.8210688308758765
Libya,Africa,2028,1037,971,12119,857,15.138814758131776,112,0.4545854329052652
Libya,Africa,2029,1021,953,12585,905,16.314450958638233,112,0.31643658268141595
Libya,Africa,2030,1004,935,13002,958,17.35480673518274,112,0.19989826181849368
Lithuania,Europe,2023,5687,5189,76839,6442,13.128192910983957,298,4.9521743007706025
Lithuania,Europe,2024,6217,5712,63806,5637,9.408687680387509,298,6.609436304948236
Lithuania,Europe,2025,6389,5848,66814,5458,9.282196372860987,298,6.1166419722896626
Lithuania,Europe,2026,6534,5955,69978,5292,9.215284985700283,298,5.490013394898291
Lithuania,Europe,2027,6653,6035,73293,5138,9.206679296203953,298,4.730526821990079
Lithuania,Europe,2028,7183,6557,60261,4333,5.487174065615855,298,6.387788826159579
Lithuania,Europe,2029,7355,6693,63268,4155,5.360682758096665,298,5.894994493496749
Lithuania,Europe,2030,7500,6801,66432,3989,5.293771370927622,298,5.2683659161083165
Luxembourg,Europe,2023,2731,2487,43934,3507,10.29235366493198,274,7.750885667969346
Luxembourg,Europe,2024,3340,2982,41338,3358,7.406522094433811,274,8.530480476451523
Luxembourg,Europe,2025,3372,3022,40922,3349,5.652256119770382,274,8.322301121214505
Luxembourg,Europe,2026,3375,3040,40566,3348,3.9464126632922856,274,8.050343638975017
Luxembourg,Europe,2027,3352,3035,40267,3354,2.2884660768856016,274,7.7151042412862125
Luxembourg,Europe,2028,3961,3530,37670,3205,0,274,8.49469905
Luxembourg,Europe,2029,3992,3570,37255,3196,0,274,8.286519694525264
Luxembourg,Europe,2030,3996,3588,36898,3194,0,274,8.014562212286688
Madagascar,Africa,2023,586,537,2807,555,0,126,6.359022200453383
Madagascar,Africa,2024,542,512,2663,505,0,126,6.546320222073121
Madagascar,Africa,2025,578,542,2251,467,0,126,6.729697791789841
Madagascar,Africa,2026,623,579,1836,433,0,126,6.905031587891839
Madagascar,Africa,2027,675,623,1420,400,0,126,7.072312011624627
Madagascar,Africa,2028,631,598,1275,349,0,126,7.259610033244385
Madagascar,Africa,2029,668,629,863,312,0,126,7.442987602961095
Madagascar,Africa,2030,712,666,449,277,0,126,7.618321399063207
Malawi,Africa,2023,1335,1178,15694,1932,13.195185979728997,186,7.739048743905786
Malawi,Africa,2024,1405,1270,11138,1544,0.6980214449546409,186,6.3220709537385025
Malawi,Africa,2025,1480,1332,11467,1597,0,186,6.758346523473894
Malawi,Africa,2026,1560,1396,11878,1652,0,186,7.317446373649696
Malawi,Africa,2027,1645,1461,12370,1712,0,186,7.998524366775715
Malawi,Africa,2028,1714,1554,7813,1323,0,186,6.581546576615598
Malawi,Africa,2029,1790,1615,8143,1376,0,186,7.017822146354632
Malawi,Africa,2030,1869,1679,8554,1432,0,186,7.576921996527961
Malaysia,Asia,2023,50803,47380,516532,101202,9.160602481367503,504,7.766435056280937
Malaysia,Asia,2024,51332,47965,460522,88747,6.7840234137397175,504,7.823413335000089
Malaysia,Asia,2025,53922,50302,475464,91244,6.181832509,504,7.977358806715323
Malaysia,Asia,2026,56704,52800,491728,93971,5.618228065353268,504,8.132234523720586
Malaysia,Asia,2027,59677,55457,509289,96922,5.092525974559473,504,8.288007973716915
Malaysia,Asia,2028,60206,56042,453279,84466,2.715946906936516,504,8.344986252436286
Malaysia,Asia,2029,62796,58379,468221,86963,2.113756002425525,504,8.498931724151724
Malaysia,Asia,2030,65578,60876,484485,89690,1.5501515585500805,504,8.653807441156754
Mali,Africa,2023,509,480,3379,383,0,138,2.6514115241900207
Mali,Africa,2024,514,468,3185,247,0,138,2.9766240758085605
Mali,Africa,2025,542,497,2741,249,0,138,2.607439292454039
Mali,Africa,2026,570,527,2321,259,0,138,2.2072258126283817
Mali,Africa,2027,600,560,1923,275,0,138,1.776255175
Mali,Africa,2028,606,549,1729,138,0,138,2.1014677265251134
Mali,Africa,2029,633,577,1285,141,0,138,1.7322829431691966
Mali,Africa,2030,662,608,865,150,0,138,1.3320694633449328
Malta,Europe,2023,1588,1307,22060,1248,12.234864770156861,185,5.602930995
Malta,Europe,2024,1651,1390,20393,1297,9.669549723223863,185,6.898387269590613
Malta,Europe,2025,1744,1463,21410,1314,8.775787007683931,185,6.419695596
Malta,Europe,2026,1846,1539,22413,1336,7.740527666540892,185,5.823162928168721
Malta,Europe,2027,1959,1618,23401,1361,6.563551442478694,185,5.109846468
Malta,Europe,2028,2022,1701,21734,1410,3.998236395544076,185,6.4053027421700035
Malta,Europe,2029,2114,1774,22751,1427,3.104473680007807,185,5.926611069
Malta,Europe,2030,2217,1850,23754,1448,2.0692143388573214,185,5.3300784007448145
Mauritania,Africa,2023,126,122,707,73,0,58,4.185862762926985
Mauritania,Africa,2024,125,119,535,66,0,58,3.941767288802329
Mauritania,Africa,2025,133,128,556,68,0,58,3.988042105497616
Mauritania,Africa,2026,143,138,584,69,0,58,4.052669192866424
Mauritania,Africa,2027,153,148,620,71,0,58,4.135504956195527
Mauritania,Africa,2028,152,146,448,64,0,58,3.8914094820721097
Mauritania,Africa,2029,161,155,469,66,0,58,3.9376842987679703
Mauritania,Africa,2030,170,164,498,67,0,58,4.002311386136495
Mauritius,Africa,2023,678,595,7146,649,2.7792929687932357,133,7.923932452652155
Mauritius,Africa,2024,709,606,7483,596,4.842162583491412,133,8.025903497
Mauritius,Africa,2025,751,645,7581,624,2.326273462124192,133,7.970438407308486
Mauritius,Africa,2026,793,685,7712,654,0,133,7.901309482127823
Mauritius,Africa,2027,836,727,7876,686,0,133,7.8186384740176464
Mauritius,Africa,2028,867,737,8213,632,0,133,7.920609518484612
Mauritius,Africa,2029,909,777,8310,661,0,133,7.8651444286725996
Mauritius,Africa,2030,951,817,8441,691,0,133,7.796015503491694
Mexico,South America,2023,43151,39880,297032,45837,6.361377084405936,598,6.305692054886091
Mexico,South America,2024,40830,37449,243797,36722,3.147848797654156,598,4.821141675264471
Mexico,South America,2025,43653,40122,242018,35562,2.222834345536036,598,4.863746217738136
Mexico,South America,2026,46810,43126,241378,34617,1.4056710430817425,598,5.0038388386205455
Mexico,South America,2027,50299,46457,241859,33884,0.6953264419476284,598,5.240676615647414
Mexico,South America,2028,47977,44026,188624,24769,0,598,3.7561262360321157
Mexico,South America,2029,50800,46700,186844,23610,0,598,3.7987307785088147
Mexico,South America,2030,53957,49703,186205,22665,0,598,3.938823399389599
Moldova,Europe,2023,1119,982,3398,768,0,144,5.278615486818754
Moldova,Europe,2024,890,787,3537,467,0,144,5.769565534692617
Moldova,Europe,2025,990,871,2881,495,0,144,5.630990820257866
Moldova,Europe,2026,1108,971,2237,530,0,144,5.461981552
Moldova,Europe,2027,1242,1085,1604,571,0,144,5.262798716201569
Moldova,Europe,2028,1013,890,1742,270,0,144,5.753748764073411
Moldova,Europe,2029,1113,974,1087,298,0,144,5.615174049637401
Moldova,Europe,2030,1231,1074,442,333,0,144,5.446164781138254
Mongolia,Asia,2023,861,795,5040,957,0.4967912660221394,136,6.242436049122692
Mongolia,Asia,2024,932,878,6116,879,2.1987794131916125,136,6.260456196
Mongolia,Asia,2025,974,915,5700,905,0,136,6.212470151697903
Mongolia,Asia,2026,1020,953,5294,933,0,136,6.161447697466626
Mongolia,Asia,2027,1070,993,4900,962,0,136,6.107502882110553
Mongolia,Asia,2028,1140,1077,5975,884,0,136,6.125523029
Mongolia,Asia,2029,1183,1114,5559,911,0,136,6.077536984684654
Mongolia,Asia,2030,1229,1152,5154,938,0,136,6.02651453
Montenegro,Europe,2023,968,902,8220,825,7.4983751572168185,95,5.067110547074102
Montenegro,Europe,2024,861,798,7712,714,6.662535563583299,95,6.787746698624391
Montenegro,Europe,2025,939,870,8147,744,6.108653387,95,6.666491803
Montenegro,Europe,2026,1029,953,8613,777,5.5838600714475195,95,6.422855300034675
Montenegro,Europe,2027,1130,1045,9110,813,5.087976021898738,95,6.057671428251282
Montenegro,Europe,2028,1022,941,8601,702,4.252136428266992,95,7.778307579794548
Montenegro,Europe,2029,1100,1014,9036,732,3.698254251805505,95,7.6570526836722035
Montenegro,Europe,2030,1190,1096,9502,765,3.1734609361318764,95,7.413416181
Morocco,Africa,2023,12876,12251,137831,33686,11.238604915500783,261,5.9193016494525885
Morocco,Africa,2024,14118,13194,117605,29427,6.694402096708029,261,5.711459847505885
Morocco,Africa,2025,14846,13927,128007,32121,6.8835573419144565,261,5.901322377587432
Morocco,Africa,2026,15550,14653,138983,35009,7.201667170535954,261,6.1044860618309675
Morocco,Africa,2027,16227,15373,150522,38087,7.646927328215753,261,6.320773179
Morocco,Africa,2028,17470,16317,130296,33829,3.102724509435795,261,6.112931377103953
Morocco,Africa,2029,18198,17049,140699,36522,3.2918797546518928,261,6.302793907186286
Morocco,Africa,2030,18901,17775,151675,39410,3.609989583263486,261,6.505957591429246
Mozambique,Africa,2023,907,807,18671,1083,24.562574712664933,141,2.4946641265011196
Mozambique,Africa,2024,941,856,13581,907,4.521476070737364,141,2.760572716711825
Mozambique,Africa,2025,1002,907,15070,957,5.232145110024469,141,2.5045666768777513
Mozambique,Africa,2026,1066,960,16700,1009,6.606990723508751,141,2.222354076460407
Mozambique,Africa,2027,1133,1015,18468,1062,8.637998415141475,141,1.9141445959809107
Mozambique,Africa,2028,1166,1064,13377,886,0,141,2.180053186189993
Mozambique,Africa,2029,1227,1115,14866,936,0,141,1.9240471463548743
Mozambique,Africa,2030,1291,1168,16496,988,0,141,1.6418345459385213
Myanmar,Asia,2023,1278,1215,12842,949,10.092066052336818,104,4.263780820223902
Myanmar,Asia,2024,1216,1142,11599,883,7.626031486,104,3.4012919555373666
Myanmar,Asia,2025,1335,1259,12637,948,6.867128709277154,104,3.6755187165042478
Myanmar,Asia,2026,1457,1378,13701,1014,6.123759258,104,3.949583083410705
Myanmar,Asia,2027,1581,1498,14792,1080,5.395333733330947,104,4.223132519949033
Myanmar,Asia,2028,1519,1425,13549,1015,2.929299167322206,104,3.3606436552644183
Myanmar,Asia,2029,1638,1542,14587,1079,2.170396390278519,104,3.6348704162336496
Myanmar,Asia,2030,1760,1660,15652,1145,1.4270269391869697,104,3.908934783136967
Namibia,Africa,2023,852,686,6923,807,2.341698723374339,128,7.135388763048655
Namibia,Africa,2024,851,728,6767,719,1.186801213059578,128,6.754758872494688
Namibia,Africa,2025,913,771,6908,766,0,128,6.896957586414691
Namibia,Africa,2026,982,815,7075,817,0,128,7.070666366
Namibia,Africa,2027,1059,860,7268,869,0,128,7.274862101459108
Namibia,Africa,2028,1058,903,7112,781,0,128,6.894232210914806
Namibia,Africa,2029,1120,946,7253,829,0,128,7.036430924835385
Namibia,Africa,2030,1189,990,7420,879,0,128,7.2101397042181175
Nepal,Asia,2023,3656,3266,47922,6085,12.38745457,202,5.251608409128961
Nepal,Asia,2024,3903,3524,40944,5227,8.398415723354761,202,5.253441242660758
Nepal,Asia,2025,4140,3731,44396,5651,7.908600713951801,202,5.323113964862056
Nepal,Asia,2026,4383,3943,48131,6089,7.546501979166187,202,5.391914617490592
Nepal,Asia,2027,4631,4158,52146,6539,7.310694938629052,202,5.459814422156157
Nepal,Asia,2028,4878,4417,45168,5681,3.321656095,202,5.461647256
Nepal,Asia,2029,5115,4624,48620,6105,2.831841085357233,202,5.531319977889586
Nepal,Asia,2030,5358,4836,52355,6543,2.4697423505652196,202,5.600120630518013
Netherlands,Europe,2023,98724,85017,1046962,144196,9.968921641337928,1373,8.359545551321945
Netherlands,Europe,2024,82881,74425,617727,87197,3.1544944821367125,1373,8.939043692093987
Netherlands,Europe,2025,89156,79556,538987,77058,0.8158026457333278,1373,8.816353906164686
Netherlands,Europe,2026,97016,85814,473189,68779,0,1373,8.641456448899584
Netherlands,Europe,2027,106449,93191,420187,62339,0,1373,8.414512130706376
Netherlands,Europe,2028,90607,82598,0,5340,0,1373,8.994010271477226
Netherlands,Europe,2029,96882,87729,0,0,0,1373,8.871320485546454
Netherlands,Europe,2030,104742,93987,0,0,0,1373,8.696423028283805
New Zealand,Oceania,2023,25587,20859,235389,28293,7.974908839341232,716,9.071402467
New Zealand,Oceania,2024,22035,19661,161304,18347,3.0969057605302943,716,9.720539430671565
New Zealand,Oceania,2025,23513,20685,148063,16953,1.3416464867446862,716,9.685948836
New Zealand,Oceania,2026,25332,21849,136853,15978,0,716,9.607503816725433
New Zealand,Oceania,2027,27491,23152,127650,15420,0,716,9.485636667
New Zealand,Oceania,2028,23939,21954,53564,5474,0,716,10.134773631043945
New Zealand,Oceania,2029,25416,22979,40323,4080,0,716,10.10018303668837
New Zealand,Oceania,2030,27236,24143,29114,3105,0,716,10.021738017096336
Nicaragua,South America,2023,200,185,2070,46,7.389530338183732,109,3.4245081758467344
Nicaragua,South America,2024,196,176,1547,45,3.877226268579676,109,2.256780195970891
Nicaragua,South America,2025,205,185,1491,30,2.149144677828609,109,2.2124923016360762
Nicaragua,South America,2026,215,196,1440,16,0.40928151728548556,109,2.227216001220447
Nicaragua,South America,2027,225,207,1394,2,0,109,2.3004493867325286
Nicaragua,South America,2028,221,198,872,1,0,109,1.1327214068607647
Nicaragua,South America,2029,230,207,815,0,0,109,1.0884335125281845
Nicaragua,South America,2030,240,217,764,0,0,109,1.1031572121109265
Niger,Africa,2023,251,236,3449,272,6.663442944575358,107,3.581288448907223
Niger,Africa,2024,309,289,2486,203,1.716820732357057,107,3.3726532366164794
Niger,Africa,2025,313,293,2538,215,0.00422087,107,3.3684747451560546
Niger,Africa,2026,312,293,2564,227,0,107,3.3725122074575187
Niger,Africa,2027,308,288,2565,239,0,107,3.3846778646638858
Niger,Africa,2028,365,341,1602,169,0,107,3.1760426523738294
Niger,Africa,2029,369,345,1653,181,0,107,3.1718641609138114
Niger,Africa,2030,369,345,1680,193,0,107,3.175901623214958
Nigeria,Africa,2023,17469,16072,180839,38345,10.383427212746994,303,4.751758960179538
Nigeria,Africa,2024,19185,17507,165151,34993,8.3475583,303,4.696268656769896
Nigeria,Africa,2025,20095,18360,176244,37521,8.205956276,303,4.790522548471604
Nigeria,Africa,2026,20980,19180,187591,40162,8.055842354741989,303,4.881048350352723
Nigeria,Africa,2027,21840,19968,199186,42914,7.896624605391684,303,4.9677964396130285
Nigeria,Africa,2028,23556,21403,183498,39562,5.860755693,303,4.912306136203641
Nigeria,Africa,2029,24467,22255,194590,42090,5.719153668821525,303,5.006560027905659
Nigeria,Africa,2030,25352,23075,205938,44731,5.569039747388629,303,5.097085829786396
North Korea,Asia,2023,355,352,3109,446,4.254652568349529,54,1.08
North Korea,Asia,2024,375,372,2871,431,4.948133274946299,54,1.08
North Korea,Asia,2025,403,399,3141,471,3.8908477401872403,54,1.08
North Korea,Asia,2026,431,427,3405,510,2.764394488178487,54,1.08
North Korea,Asia,2027,458,454,3664,549,1.5694529441794458,54,1.08
North Korea,Asia,2028,478,473,3426,534,2.262933650771231,54,1.08
North Korea,Asia,2029,506,501,3696,573,1.2056481160086374,54,1.08
North Korea,Asia,2030,533,529,3960,612,0.079194864,54,1.08
Norway,Europe,2023,41336,36559,431580,52545,9.785097047,843,8.895191580016625
Norway,Europe,2024,35373,32587,306610,38624,3.4241093608509736,843,9.627032359
Norway,Europe,2025,38341,35194,298623,37288,1.7412854145518821,843,9.434853469340936
Norway,Europe,2026,41925,38237,293636,36398,0.2324158467216435,843,9.172323363617874
Norway,Europe,2027,46120,41712,291603,35948,0,843,8.8367719
Norway,Europe,2028,40157,37741,166633,22027,0,843,9.568612679633704
Norway,Europe,2029,43125,40348,158646,20691,0,843,9.376433789851355
Norway,Europe,2030,46708,43390,153659,19801,0,843,9.113903684
Oman,Asia,2023,3412,3093,51941,4536,12.41516914011198,217,3.268916244233873
Oman,Asia,2024,3977,3603,48168,4228,10.501232855435072,217,3.058405684496767
Oman,Asia,2025,4114,3729,51134,4475,9.943515656328943,217,3.1011245053101697
Oman,Asia,2026,4235,3839,54187,4746,9.369705902267746,217,3.159103112
Oman,Asia,2027,4341,3934,57326,5040,8.779371801658968,217,3.2322159616923365
Oman,Asia,2028,4907,4445,53553,4732,6.865435516984359,217,3.021705401956295
Oman,Asia,2029,5043,4570,56519,4980,6.307718317881033,217,3.064424222770192
Oman,Asia,2030,5165,4680,59572,5250,5.733908563816247,217,3.1224028290538515
Pakistan,Asia,2023,37214,34977,576589,146587,14.288024881721507,428,4.634709734061064
Pakistan,Asia,2024,42053,39551,537479,136512,11.703468217955644,428,4.113699960082358
Pakistan,Asia,2025,44060,41414,577688,147587,11.44522847358017,428,4.191452599128885
Pakistan,Asia,2026,46003,43217,620342,159355,11.23977391753334,428,4.312315675
Pakistan,Asia,2027,47885,44960,665409,171806,11.086221055606348,428,4.475994367531818
Pakistan,Asia,2028,52724,49534,626299,161731,8.501664391846665,428,3.9549845935556958
Pakistan,Asia,2029,54731,51397,666508,172807,8.243424647475907,428,4.032737232603406
Pakistan,Asia,2030,56675,53200,709161,184575,8.037970091,428,4.153600308586192
Palestine,Asia,2023,1458,1401,25027,3039,17.727061842016813,147,2.6065009055835495
Palestine,Asia,2024,1746,1669,25335,2940,16.113042095843873,147,3.099604869673436
Palestine,Asia,2025,1805,1728,26526,3153,15.714696772796033,147,2.804194650253112
Palestine,Asia,2026,1859,1783,27729,3392,15.258972310680713,147,2.4759421364633196
Palestine,Asia,2027,1908,1834,28945,3658,14.745586185718723,147,2.115215340830872
Palestine,Asia,2028,2196,2102,29253,3558,13.131566439546361,147,2.6083193049178806
Palestine,Asia,2029,2255,2161,30444,3771,12.733221116501102,147,2.3129090854960035
Palestine,Asia,2030,2309,2217,31647,4010,12.277496654381554,147,1.984656571707216
Panama,South America,2023,979,938,26504,1050,23.95731520508604,260,6.966386714604086
Panama,South America,2024,1106,1032,16995,688,8.404459202203498,260,6.922164715149381
Panama,South America,2025,1141,1070,18601,652,7.830281395261032,260,6.901716199505584
Panama,South America,2026,1172,1107,20320,626,7.322343418956308,260,6.872709205871435
Panama,South America,2027,1198,1141,22149,611,6.875812641222552,260,6.835158978468581
Panama,South America,2028,1326,1234,12641,249,0,260,6.790936979013626
Panama,South America,2029,1361,1273,14246,213,0,260,6.770488463369897
Panama,South America,2030,1392,1309,15965,188,0,260,6.741481469735476
Papua New Guinea,Oceania,2023,319,251,9359,289,34.47427185259777,124,7.177991115826922
Papua New Guinea,Oceania,2024,353,286,6485,200,21.377166363718146,124,6.219412338754445
Papua New Guinea,Oceania,2025,369,292,7280,197,23.309575869945142,124,6.458386965323076
Papua New Guinea,Oceania,2026,382,296,8048,194,25.061878656153098,124,6.7807270407354885
Papua New Guinea,Oceania,2027,394,298,8787,193,26.629793302723904,124,7.185851075419942
Papua New Guinea,Oceania,2028,428,333,5912,105,13.532687813863888,124,6.227272298352508
Papua New Guinea,Oceania,2029,444,339,6708,101,15.465097320122219,124,6.466246924923494
Papua New Guinea,Oceania,2030,457,343,7476,99,17.217400106284984,124,6.788587000334639
Paraguay,South America,2023,673,622,9948,462,0,115,5.198812136
Paraguay,South America,2024,687,628,7941,417,0,115,5.509096426
Paraguay,South America,2025,737,675,8717,445,0,115,5.3021120662762105
Paraguay,South America,2026,788,724,9502,475,0,115,5.055022239015145
Paraguay,South America,2027,842,776,10296,507,0,115,4.768014254523399
Paraguay,South America,2028,856,782,8289,462,0,115,5.078298544137025
Paraguay,South America,2029,905,829,9065,490,0,115,4.871314184628192
Paraguay,South America,2030,957,878,9851,520,0,115,4.624224357368298
Peru,South America,2023,8091,7377,57575,11762,0,315,5.773636070284934
Peru,South America,2024,9189,8431,51242,10377,0,315,5.481697694010486
Peru,South America,2025,9698,8893,52575,11193,0,315,5.314245902135387
Peru,South America,2026,10193,9338,54016,12115,0,315,5.142954437483855
Peru,South America,2027,10673,9766,55562,13143,0,315,4.967722694860809
Peru,South America,2028,11770,10820,49229,11759,0,315,4.675784318587157
Peru,South America,2029,12280,11282,50561,12574,0,315,4.508332526712285
Peru,South America,2030,12774,11727,52002,13496,0,315,4.3370410620610045
Philippines,Asia,2023,7391,7013,68201,9495,0,325,5.809492569412986
Philippines,Asia,2024,8620,8020,59216,8818,0,325,6.402766937166444
Philippines,Asia,2025,8994,8408,61963,9344,0,325,6.2175944256608044
Philippines,Asia,2026,9315,8755,64853,9898,0,325,5.980144381213118
Philippines,Asia,2027,9584,9063,67882,10481,0,325,5.690862079903177
Philippines,Asia,2028,10813,10070,58897,9804,0,325,6.2841364476527755
Philippines,Asia,2029,11187,10458,61644,10330,0,325,6.098963936145649
Philippines,Asia,2030,11508,10805,64534,10884,0,325,5.8615138916981895
Poland,Europe,2023,84181,79421,690454,142016,9.002281272,738,5.890327830511329
Poland,Europe,2024,74812,69374,574442,115656,5.825558612386388,738,6.510077694
Poland,Europe,2025,80558,74949,589831,117762,5.357023596396598,738,6.312039276422086
Poland,Europe,2026,87303,81542,607614,120550,4.9745161991053415,738,6.061626496038177
Poland,Europe,2027,95039,89146,627743,124011,4.676957204180329,738,5.759230393747789
Poland,Europe,2028,85670,79099,511731,97651,1.5002345446320948,738,6.378980256962398
Poland,Europe,2029,91416,84674,527121,99756,1.0316995286477528,738,6.180941839653663
Poland,Europe,2030,98161,91267,544904,102545,0.6491921313513807,738,5.930529059270702
Portugal,Europe,2023,48267,41628,460933,67998,9.259977603244145,685,7.638460518489507
Portugal,Europe,2024,44359,39311,362667,51935,4.164342867169786,685,7.997075231654014
Portugal,Europe,2025,47767,42108,362281,52028,2.928845633683501,685,7.939869229801803
Portugal,Europe,2026,51685,45265,364185,52587,1.8637437920908084,685,7.84582394
Portugal,Europe,2027,56109,48778,368343,53604,0.9673753974973742,685,7.715211406387354
Portugal,Europe,2028,52201,46461,270076,37542,0,685,8.073826119549372
Portugal,Europe,2029,55609,49258,269690,37635,0,685,8.016620117696402
Portugal,Europe,2030,59527,52415,271595,38194,0,685,7.9225748278695285
Qatar,Asia,2023,8021,7405,164257,14565,19.260981970460797,295,3.790052098817189
Qatar,Asia,2024,7977,7316,148877,13635,16.039346472626015,295,3.819973748147942
Qatar,Asia,2025,8588,7889,161414,14725,15.520833215552845,295,3.9239574161797606
Qatar,Asia,2026,9245,8502,174115,15839,14.996525564038816,295,4.04181455
Qatar,Asia,2027,9948,9156,186971,16976,14.465548307721757,295,4.1734819262417915
Qatar,Asia,2028,9905,9068,171592,16047,11.243912809891942,295,4.203403575573232
Qatar,Asia,2029,10515,9640,184128,17136,10.725399552824342,295,4.307387243605183
Qatar,Asia,2030,11172,10254,196829,18250,10.201091901303261,295,4.4252443776149315
Romania,Europe,2023,21059,18041,203205,29375,10.576042017376652,419,5.810498718178281
Romania,Europe,2024,21083,18942,168964,24126,7.954626856823494,419,6.350754715960266
Romania,Europe,2025,21718,19208,174403,24001,8.058285959748998,419,6.2202568358272305
Romania,Europe,2026,22436,19477,180871,24118,8.229895058670978,419,6.042469041093362
Romania,Europe,2027,23237,19750,188353,24475,8.468430672935549,419,5.817719657701032
Romania,Europe,2028,23262,20652,154113,19226,5.847015512389536,419,6.357975655480207
Romania,Europe,2029,23896,20917,159551,19101,5.950674615320574,419,6.227477775345868
Romania,Europe,2030,24615,21187,166019,19218,6.122283714236727,419,6.049689980612693
Rwanda,Africa,2023,969,911,17168,1126,20.355500251367502,112,3.0219430192054366
Rwanda,Africa,2024,1132,1040,14684,1062,13.093841213255104,112,2.9866985247625433
Rwanda,Africa,2025,1183,1093,16061,1120,13.380650470245932,112,2.9654474091637093
Rwanda,Africa,2026,1234,1146,17413,1186,13.458714769676718,112,2.9530770091998924
Rwanda,Africa,2027,1283,1197,18740,1259,13.326131549856882,112,2.9495689943701784
Rwanda,Africa,2028,1446,1326,16256,1195,6.064472511750637,112,2.9143244999275626
Rwanda,Africa,2029,1497,1380,17632,1253,6.351281768757325,112,2.893073384328751
Rwanda,Africa,2030,1548,1432,18984,1319,6.429346068163063,112,2.880702984365036
Saudi Arabia,Asia,2023,48428,46118,861530,194950,16.13803261,568,2.1006060042659933
Saudi Arabia,Asia,2024,54953,52641,802831,174138,12.524804898192322,568,2.1465247875070657
Saudi Arabia,Asia,2025,57613,55128,856305,191007,11.736197238477299,568,2.1682752495994535
Saudi Arabia,Asia,2026,60204,57540,911986,209678,10.986424700863491,568,2.189553489527842
Saudi Arabia,Asia,2027,62726,59876,969834,230136,10.27446582429392,568,2.210367326133154
Saudi Arabia,Asia,2028,69251,66400,911135,209323,6.661238117251571,568,2.2562861093741837
Saudi Arabia,Asia,2029,71911,68887,964608,226192,5.872630457542314,568,2.2780365714665223
Saudi Arabia,Asia,2030,74502,71298,1020289,244864,5.122857919922168,568,2.2993148113949786
Senegal,Africa,2023,1557,1326,16042,1059,10.076445349169468,159,6.681640216907434
Senegal,Africa,2024,1409,1269,12022,818,5.897400752443623,159,6.0468312257370584
Senegal,Africa,2025,1522,1351,12946,835,5.493307296578674,159,6.209573636360833
Senegal,Africa,2026,1647,1441,13898,856,5.114621061944117,159,6.421696572
Senegal,Africa,2027,1786,1536,14876,882,4.7600882080870335,159,6.682829282261958
Senegal,Africa,2028,1638,1479,10856,641,0.5810436113687203,159,6.048020291094723
Senegal,Africa,2029,1751,1561,11780,657,0.17695015551151982,159,6.210762701720058
Senegal,Africa,2030,1877,1651,12732,679,0,159,6.4228856369979965
Serbia,Europe,2023,12314,11228,106042,15052,7.570862410116776,350,5.1793457146569155
Serbia,Europe,2024,11140,10191,86828,9901,6.2208655967994595,350,5.870386639750701
Serbia,Europe,2025,11804,10772,86728,9933,5.305898251916897,350,5.6238161768033095
Serbia,Europe,2026,12587,11453,86888,10171,4.358151527587008,350,5.324291607498958
Serbia,Europe,2027,13489,12235,87301,10610,3.3775356812382604,350,4.972197483877155
Serbia,Europe,2028,12316,11198,68087,5459,2.027538867920949,350,5.663238408967871
Serbia,Europe,2029,12979,11778,67988,5492,1.1125715230393212,350,5.416667946018614
Serbia,Europe,2030,13762,12460,68148,5729,0.16482479870783706,350,5.117143376715942
Sierra Leone,Africa,2023,333,302,7592,695,26.152130920368243,90,5.911290667228217
Sierra Leone,Africa,2024,370,325,6423,553,17.944730159977794,90,5.378223987342388
Sierra Leone,Africa,2025,391,346,6996,617,17.54256385284672,90,5.6046390783860005
Sierra Leone,Africa,2026,412,368,7527,680,16.721696110611276,90,5.8806368250508045
Sierra Leone,Africa,2027,432,390,8017,743,15.480641258909557,90,6.205832987108739
Sierra Leone,Africa,2028,469,412,6848,602,7.273240498518533,90,5.672766307226222
Sierra Leone,Africa,2029,491,433,7421,666,6.871074191404247,90,5.8991813982713115
Sierra Leone,Africa,2030,511,455,7952,729,6.0502064491382725,90,6.175179144935456
Singapore,Asia,2023,38378,31979,653053,57992,20.145138525046523,806,5.973275833461999
Singapore,Asia,2024,33710,29589,506473,47039,12.675862745975948,806,6.097428218570773
Singapore,Asia,2025,36577,31632,517288,47877,11.762964233659613,806,6.054789201578336
Singapore,Asia,2026,39934,33969,530575,48961,11.008589242521285,806,6.007974521709086
Singapore,Asia,2027,43779,36598,546277,50290,10.41026059132927,806,5.9570736054915905
Singapore,Asia,2028,39111,34208,399697,39337,2.9409848122760067,806,6.081225990599692
Singapore,Asia,2029,41978,36251,410512,40175,2.028086299972962,806,6.038586973606938
Singapore,Asia,2030,45335,38587,423799,41259,1.2737113088208432,806,5.991772293737804
Slovakia,Europe,2023,12988,12214,100712,14110,7.903327324717244,355,6.499466551010524
Slovakia,Europe,2024,12277,11541,77825,12188,3.984560165322401,355,6.838787797348958
Slovakia,Europe,2025,12990,12199,80101,11879,3.655114974640922,355,6.714023498264087
Slovakia,Europe,2026,13788,12938,82746,11654,3.4365494676606527,355,6.558258361674415
Slovakia,Europe,2027,14673,13759,85749,11513,3.3274529399447204,355,6.371651500789059
Slovakia,Europe,2028,13963,13086,62862,9591,0,355,6.710972747126238
Slovakia,Europe,2029,14675,13743,65138,9282,0,355,6.586208448040425
Slovakia,Europe,2030,15474,14483,67782,9057,0,355,6.430443311451889
Slovenia,Europe,2023,10393,8897,109596,10984,11.122527721278583,409,8.360493779750305
Slovenia,Europe,2024,9184,8301,82277,7142,7.388701136431717,409,7.853070024657638
Slovenia,Europe,2025,9779,8708,82965,6986,6.674233915887893,409,8.025298333805125
Slovenia,Europe,2026,10500,9188,84268,6988,6.025103957940747,409,8.244465269766463
Slovenia,Europe,2027,11346,9740,86177,7147,5.440190361505593,409,8.510235334977043
Slovenia,Europe,2028,10137,9144,58858,3305,1.7063637766664606,409,8.002811579887327
Slovenia,Europe,2029,10732,9551,59546,3149,0.9918965561287578,409,8.175039889036132
Slovenia,Europe,2030,11453,10031,60849,3151,0.3427665981751318,409,8.394206824996816
South Africa,Africa,2023,42140,34974,419857,71016,7.787470341768525,652,5.959069150054479
South Africa,Africa,2024,42009,36705,360579,58910,3.6652007478977247,652,6.666398001769309
South Africa,Africa,2025,44514,38441,365727,58933,2.433515249,652,6.419000177321596
South Africa,Africa,2026,47195,40166,372121,59216,1.3535368678822834,652,6.112172822350031
South Africa,Africa,2027,50050,41881,379738,59752,0.4239413336996378,652,5.746515999340968
South Africa,Africa,2028,49918,43612,320460,47646,0,652,6.453844851050595
South Africa,Africa,2029,52424,45348,325608,47670,0,652,6.206447026601087
South Africa,Africa,2030,55104,47073,332002,47952,0,652,5.899619671629296
South Korea,Asia,2023,120927,114006,1309192,232647,10.54896097960234,934,8.496441786091035
South Korea,Asia,2024,114922,109998,1030233,188270,6.611408719354724,934,8.171439484951522
South Korea,Asia,2025,120497,114894,1022818,187803,5.764895262691475,934,8.272457839858019
South Korea,Asia,2026,126805,120351,1020759,188287,5.025110666304464,934,8.406528237376813
South Korea,Asia,2027,133842,126363,1023958,189706,4.390792337269481,934,8.573467744070761
South Korea,Asia,2028,127837,122354,745000,145329,0.4532400770313174,934,8.248465442932876
South Korea,Asia,2029,133411,127250,737584,144861,0,934,8.349483797840207
South Korea,Asia,2030,139720,132707,735526,145346,0,934,8.483554195358353
Spain,Europe,2023,176570,156689,1468679,281690,8.805877126100476,1215,7.178018529671231
Spain,Europe,2024,148537,135028,1005935,194347,3.950300769418952,1215,7.938168207912547
Spain,Europe,2025,162332,146846,966923,186763,2.552920616980142,1215,7.735639876392009
Spain,Europe,2026,178921,160894,939598,181672,1.2795439645819187,1215,7.456201164956776
Spain,Europe,2027,198284,177155,923797,179041,0.12873285701341075,1215,7.100259742817834
Spain,Europe,2028,170252,155494,461052,91698,0,1215,7.860409421055638
Spain,Europe,2029,184046,167313,422041,84114,0,1215,7.657881089533182
Spain,Europe,2030,200635,181361,394716,79023,0,1215,7.378442378099532
Sri Lanka,Asia,2023,4295,3829,42512,5371,5.350626590283241,251,5.264058128737558
Sri Lanka,Asia,2024,4616,4178,41257,4821,4.275442310943717,251,6.165076218788407
Sri Lanka,Asia,2025,4875,4399,42437,5140,2.4506770746615665,251,5.956702145967897
Sri Lanka,Asia,2026,5146,4627,43661,5469,0.550533418,251,5.667547663017267
Sri Lanka,Asia,2027,5427,4863,44927,5807,0,251,5.298130694585375
Sri Lanka,Asia,2028,5747,5211,43672,5257,0,251,6.199148784631754
Sri Lanka,Asia,2029,6007,5432,44852,5577,0,251,5.990774712
Sri Lanka,Asia,2030,6277,5660,46076,5906,0,251,5.701620228859831
Sudan,Africa,2023,1534,1444,23075,1286,19.116049018084507,140,2.450220197
Sudan,Africa,2024,1770,1657,17983,1096,11.039712255214699,140,2.5099106985022273
Sudan,Africa,2025,1826,1712,19622,1148,11.999665506491024,140,2.5084615749407124
Sudan,Africa,2026,1881,1766,21318,1212,12.955153241972589,140,2.4963394184687875
Sudan,Africa,2027,1935,1820,23070,1290,13.903366016455937,140,2.473582485641483
Sudan,Africa,2028,2172,2033,17979,1100,5.8270292536014345,140,2.533272987395117
Sudan,Africa,2029,2227,2087,19617,1152,6.786982504896429,140,2.5318238638334893
Sudan,Africa,2030,2282,2142,21314,1216,7.742470240353114,140,2.5197017073615493
Suriname,South America,2023,106,98,1178,137,10.348273376373514,57,5.679390586042615
Suriname,South America,2024,98,88,1194,103,9.090864714031762,57,6.687029202066073
Suriname,South America,2025,107,96,1190,118,6.743066523380321,57,6.438120229
Suriname,South America,2026,116,106,1212,133,4.911888205611882,57,6.107756694879791
Suriname,South America,2027,126,116,1261,148,3.596322459755365,57,5.696565845231973
Suriname,South America,2028,118,105,1277,114,2.3389137974310543,57,6.704204461250088
Suriname,South America,2029,127,114,1273,129,0,57,6.455295488341141
Suriname,South America,2030,136,123,1295,144,0,57,6.124931954062562
Sweden,Europe,2023,63498,54091,691918,84967,7.9207023219255674,1159,8.606566505163169
Sweden,Europe,2024,55375,50488,499750,61378,3.2988091197867746,1159,9.087262638951577
Sweden,Europe,2025,58870,52989,453855,55186,0.8369097810606405,1159,8.936892661925791
Sweden,Europe,2026,63187,55917,411244,49543,0,1159,8.751167338210797
Sweden,Europe,2027,68322,59269,371860,44442,0,1159,8.530628205798454
Sweden,Europe,2028,60199,55666,179693,20852,0,1159,9.011324339582075
Sweden,Europe,2029,63693,58167,133798,14660,0,1159,8.860954362555182
Sweden,Europe,2030,68011,61095,91187,9017,0,1159,8.675229038838678
Switzerland,Europe,2023,78092,66025,924213,118026,11.079504302842409,1291,7.931044879572806
Switzerland,Europe,2024,66496,58345,597842,84805,3.849836803468918,1291,8.825639103274384
Switzerland,Europe,2025,71707,62232,552060,80242,1.5773732205744295,1291,8.609584279577547
Switzerland,Europe,2026,78146,66970,512462,76530,0,1291,8.321401729850482
Switzerland,Europe,2027,85806,72555,478943,73656,0,1291,7.961642818
Switzerland,Europe,2028,74210,64875,152572,40435,0,1291,8.856237042098314
Switzerland,Europe,2029,79420,68762,106790,35872,0,1291,8.640182218399316
Switzerland,Europe,2030,85860,73500,67192,32160,0,1291,8.351999669
Taiwan,Asia,2023,40859,37866,547881,77259,11.822705265572827,688,10.011265363596351
Taiwan,Asia,2024,41120,38427,304104,37986,7.8509590682859045,688,9.291234355600743
Taiwan,Asia,2025,41008,38149,304144,37938,7.479814939,688,9.631704209735254
Taiwan,Asia,2026,41019,37956,314594,39997,7.177443241802797,688,10.037477972818566
Taiwan,Asia,2027,41154,37849,335350,44144,6.9425192151399315,688,10.508079762630281
Taiwan,Asia,2028,41415,38411,91573,4871,2.9707730178619585,688,9.788048755
Taiwan,Asia,2029,41303,38132,91613,4824,2.5996288881952587,688,10.12851860877527
Taiwan,Asia,2030,41314,37940,102062,6882,2.297257191378268,688,10.534292371857077
Tajikistan,Asia,2023,427,407,4408,455,11.635301676580497,72,1.5042863759431362
Tajikistan,Asia,2024,398,381,3628,364,9.165766033763076,72,1.4991150128955493
Tajikistan,Asia,2025,434,416,4049,405,9.484325025142677,72,1.4130809841081606
Tajikistan,Asia,2026,472,452,4471,448,9.77767029,72,1.3312133671130282
Tajikistan,Asia,2027,513,490,4892,493,10.04498652954995,72,1.2535263951190165
Tajikistan,Asia,2028,484,464,4112,402,7.575450886736484,72,1.2483550320714545
Tajikistan,Asia,2029,520,498,4534,443,7.894009878121886,72,1.162321003283896
Tajikistan,Asia,2030,559,534,4955,487,8.187355142930228,72,1.0804533862890962
Tanzania,Africa,2023,2733,2511,24983,3457,0,228,5.870172095839939
Tanzania,Africa,2024,3115,2904,21897,3118,0,228,4.949995255344046
Tanzania,Africa,2025,3222,3000,20994,3006,0,228,5.071393976136467
Tanzania,Africa,2026,3317,3079,20124,2899,0,228,5.259350177976344
Tanzania,Africa,2027,3399,3143,19287,2796,0,228,5.513435073762199
Tanzania,Africa,2028,3782,3535,16201,2457,0,228,4.593258233269859
Tanzania,Africa,2029,3889,3631,15297,2345,0,228,4.714656954
Tanzania,Africa,2030,3984,3711,14427,2238,0,228,4.902613155902455
Thailand,Asia,2023,24491,23068,258006,44815,9.880587910515889,452,5.724855637244166
Thailand,Asia,2024,28700,27209,204161,38468,4.025175299131151,452,5.685818217249897
Thailand,Asia,2025,29351,27805,211723,40045,3.7291540796579365,452,5.676035548008614
Thailand,Asia,2026,29854,28247,220926,41857,3.663219735975611,452,5.650917851817818
Thailand,Asia,2027,30209,28537,231747,43902,3.8250149905064976,452,5.610483720846741
Thailand,Asia,2028,34418,32677,177901,37555,0,452,5.571446300852102
Thailand,Asia,2029,35070,33273,185463,39132,0,452,5.561663631610902
Thailand,Asia,2030,35572,33715,194666,40944,0,452,5.536545935419763
Togo,Africa,2023,257,254,2547,291,6.275640833521674,72,2.017393057090843
Togo,Africa,2024,352,336,2511,269,5.676942371172988,72,2.6400630927650623
Togo,Africa,2025,352,339,2595,287,5.042835727424864,72,2.421381143437734
Togo,Africa,2026,347,337,2679,305,4.430421462451337,72,2.1417331505143427
Togo,Africa,2027,336,330,2764,323,3.839628278421671,72,1.8015121576337045
Togo,Africa,2028,430,412,2728,301,3.2409298160740327,72,2.424182193304549
Togo,Africa,2029,431,415,2812,319,2.606823172325802,72,2.2055002439755507
Togo,Africa,2030,426,413,2897,337,1.994408907353197,72,1.9258522510532154
Trinidad and Tobago,South America,2023,549,400,4674,272,7.271522080445113,131,6.7721467
Trinidad and Tobago,South America,2024,604,477,3939,275,5.712073836377723,131,7.163933436150606
Trinidad and Tobago,South America,2025,610,471,3887,261,5.150964214951415,131,7.084701289181897
Trinidad and Tobago,South America,2026,613,461,3783,245,4.4806598174611025,131,6.969665265242007
Trinidad and Tobago,South America,2027,614,446,3628,228,3.7010626578902297,131,6.818752606773812
Trinidad and Tobago,South America,2028,669,524,2893,232,2.141614413821287,131,7.210539343035155
Trinidad and Tobago,South America,2029,675,518,2841,218,1.5805047923971962,131,7.131307196065352
Trinidad and Tobago,South America,2030,678,508,2737,202,0.9102003949020769,131,7.016271172128811
Tunisia,Africa,2023,11034,10706,92436,13376,6.006253871781176,271,8.631391264448295
Tunisia,Africa,2024,11261,10606,79718,11348,4.715422490646905,271,7.859561356742326
Tunisia,Africa,2025,11706,11097,80457,11228,3.8384823192602937,271,8.294579485283979
Tunisia,Africa,2026,12190,11645,81290,11149,2.8843515745470114,271,8.745163225299653
Tunisia,Africa,2027,12712,12250,82213,11112,1.8530484321900005,271,9.210890264351946
Tunisia,Africa,2028,12938,12149,69495,9085,0.5622170510541906,271,8.439060356648667
Tunisia,Africa,2029,13384,12640,70234,8964,0,271,8.874078485192792
Tunisia,Africa,2030,13868,13188,71067,8886,0,271,9.324662225205604
Turkey,Asia,2023,71591,64221,679461,130801,8.404356934,601,5.681180433952355
Turkey,Asia,2024,74043,67036,533472,104783,5.282985679987846,601,3.9536665931236112
Turkey,Asia,2025,77031,69528,554868,108557,4.819314498792263,601,4.198645503796855
Turkey,Asia,2026,80105,72054,579962,113217,4.426447950439778,601,4.5764783501385295
Turkey,Asia,2027,83266,74613,608694,118753,4.103357688985106,601,5.086237909121039
Turkey,Asia,2028,85717,77428,462704,92735,0.9819864347676184,601,3.358724068300175
Turkey,Asia,2029,88705,79920,484100,96508,0.5183152535774092,601,3.6037029789772643
Turkey,Asia,2030,91780,82446,509195,101168,0.1254487052195863,601,3.9815358253165827
Turkmenistan,Asia,2023,25,25,195,0,8.974199154043607,37,1.4246543459898806
Turkmenistan,Asia,2024,26,24,168,0,9.545790787857811,37,1.587196374358214
Turkmenistan,Asia,2025,25,24,162,0,9.213985321365774,37,1.5242982704594183
Turkmenistan,Asia,2026,25,24,156,0,8.876376106126061,37,1.4426469438326421
Turkmenistan,Asia,2027,25,24,151,0,8.533212153531943,37,1.342367890023875
Turkmenistan,Asia,2028,26,24,124,0,9.104803787344913,37,1.5049099183910788
Turkmenistan,Asia,2029,26,24,117,0,8.772998320851004,37,1.4420118144918503
Turkmenistan,Asia,2030,25,24,111,0,8.435389105614103,37,1.360360487865167
Uganda,Africa,2023,3015,2746,38364,5411,10.063780760678434,236,4.056718879375393
Uganda,Africa,2024,3323,3042,28884,4282,2.1131625829302294,236,4.086247624550146
Uganda,Africa,2025,3459,3166,29850,4389,0.8143362796576952,236,3.8910277401901543
Uganda,Africa,2026,3597,3290,31063,4530,0,236,3.6694393395464493
Uganda,Africa,2027,3738,3413,32519,4704,0,236,3.4216489222832758
Uganda,Africa,2028,4046,3709,23039,3576,0,236,3.4511776674564323
Uganda,Africa,2029,4182,3833,24005,3682,0,236,3.255957783096037
Uganda,Africa,2030,4321,3957,25218,3823,0,236,3.034369382452033
Ukraine,Europe,2023,26354,25089,126171,55273,3.0164886485995925,358,5.786022433504059
Ukraine,Europe,2024,26818,25585,105946,50935,1.745435252370175,358,5.539798291905669
Ukraine,Europe,2025,28441,27108,109913,53908,1.0367254294505077,358,5.564275724812248
Ukraine,Europe,2026,30087,28655,113879,56981,0.29279162271502734,358,5.598028079499444
Ukraine,Europe,2027,31758,30225,117836,60151,0,358,5.640930539762781
Ukraine,Europe,2028,32223,30720,97611,55813,0,358,5.394706398165372
Ukraine,Europe,2029,33845,32243,101578,58786,0,358,5.419183831072489
Ukraine,Europe,2030,35492,33790,105544,61858,0,358,5.452936185759333
United Arab Emirates,Asia,2023,13888,12532,212870,27433,9.324514667451183,329,2.4906688829963852
United Arab Emirates,Asia,2024,16125,14702,204368,26155,8.843068879401038,329,2.8890258969899794
United Arab Emirates,Asia,2025,16864,15345,218630,28335,7.610536879973964,329,2.826834529198648
United Arab Emirates,Asia,2026,17538,15923,233498,30667,6.360600788438152,329,2.733277644017549
United Arab Emirates,Asia,2027,18147,16435,248962,33148,5.093471487954659,329,2.6085613274106905
United Arab Emirates,Asia,2028,20385,18605,240460,31870,4.6120257,329,3.0069183414025584
United Arab Emirates,Asia,2029,21124,19249,254722,34050,3.3794937004747574,329,2.9447269736103214
United Arab Emirates,Asia,2030,21797,19826,269590,36382,2.1295576089412727,329,2.8511700884298747
United Kingdom,Europe,2023,349191,256365,3128828,611406,9.080571760074836,1928,8.007220527
United Kingdom,Europe,2024,269112,230413,2034627,376952,4.4753359960749926,1928,8.054674335143373
United Kingdom,Europe,2025,293493,243925,1847144,334405,2.7178472586927924,1928,7.960173085176518
United Kingdom,Europe,2026,325446,260260,1691630,299801,1.0075869236083648,1928,7.851904108600397
United Kingdom,Europe,2027,364921,279398,1567715,273057,0,1928,7.729981644734155
United Kingdom,Europe,2028,284841,253447,473514,38603,0,1928,7.7774354531977785
United Kingdom,Europe,2029,309222,266959,286031,0,0,1928,7.682934203230678
United Kingdom,Europe,2030,341175,283294,130518,0,0,1928,7.574665226654299
United States,North America,2023,924848,782791,7257365,2481229,6.265255109712935,3051,7.563746469370404
United States,North America,2024,770924,688343,3261183,720029,1.4610661248203982,3051,7.729719366525203
United States,North America,2025,811489,722360,2333384,322200,0,3051,7.650432552074815
United States,North America,2026,865926,765211,1531525,0,0,3051,7.551706682683292
United States,North America,2027,934136,816830,854305,0,0,3051,7.433644387385877
United States,North America,2028,780211,722382,0,0,0,3051,7.599617284498031
United States,North America,2029,820777,756399,0,0,0,3051,7.5203304700556215
United States,North America,2030,875214,799250,0,0,0,3051,7.421604601
Uruguay,South America,2023,2493,2319,18745,2206,2.164573528322613,243,9.438452798455138
Uruguay,South America,2024,2768,2539,17209,1805,0.3812212308145604,243,9.446730778088055
Uruguay,South America,2025,2859,2630,15873,1722,0,243,9.645359507
Uruguay,South America,2026,2941,2713,14389,1642,0,243,9.857759217
Uruguay,South America,2027,3014,2787,12756,1562,0,243,10.083896979801722
Uruguay,South America,2028,3288,3007,11220,1161,0,243,10.092174959434885
Uruguay,South America,2029,3379,3098,9884,1079,0,243,10.290803688032302
Uruguay,South America,2030,3461,3181,8400,998,0,243,10.503203398824025
Uzbekistan,Asia,2023,3836,3747,17082,11891,0,126,1.840640859327468
Uzbekistan,Asia,2024,3853,3763,17554,10638,0.4439570231934802,126,2.174895789423384
Uzbekistan,Asia,2025,4192,4096,18532,11876,0,126,2.1287389421354046
Uzbekistan,Asia,2026,4534,4432,19529,13150,0,126,2.059646319952801
Uzbekistan,Asia,2027,4880,4772,20545,14459,0,126,1.9677909375786506
Uzbekistan,Asia,2028,4897,4788,21017,13206,0,126,2.302045867673127
Uzbekistan,Asia,2029,5236,5121,21995,14444,0,126,2.2558890203844024
Uzbekistan,Asia,2030,5579,5457,22992,15718,0,126,2.186796398202316
Venezuela,South America,2023,1323,1251,5289,65,7.1702484054296445,279,2.3824423034031463
Venezuela,South America,2024,1286,1164,603,46,3.8974155606113765,279,1.6358392690330437
Venezuela,South America,2025,1219,1110,0,0,3.446725669606769,279,1.477337660268439
Venezuela,South America,2026,1158,1065,0,0,3.0700985516779884,279,1.3363951478630232
Venezuela,South America,2027,1105,1030,0,0,2.766468231,279,1.2127801260133877
Venezuela,South America,2028,1068,942,0,0,0,279,0.4661770916449832
Venezuela,South America,2029,1001,889,0,0,0,279,0.3076754828815611
Venezuela,South America,2030,940,844,0,0,0,279,0.16673297047500935
Yemen,Asia,2023,1356,1264,23962,3449,15.096574927584143,119,1.831775707
Yemen,Asia,2024,1613,1538,22298,3247,13.933323554973276,119,1.5226266570712144
Yemen,Asia,2025,1684,1598,24240,3570,13.46023595349091,119,1.484303962280578
Yemen,Asia,2026,1755,1658,26337,3904,12.996932514965676,119,1.4670988723208824
Yemen,Asia,2027,1825,1717,28586,4250,12.543116274686236,119,1.4708769869832234
Yemen,Asia,2028,2083,1991,26922,4048,11.379864902077536,119,1.1617279367803328
Yemen,Asia,2029,2154,2051,28864,4371,10.906777300596566,119,1.1234052419902296
Yemen,Asia,2030,2225,2111,30961,4705,10.443473862070274,119,1.1062001520302696
Zambia,Africa,2023,1196,1031,10495,1315,0,161,4.724169435784489
Zambia,Africa,2024,1213,1096,9838,1162,0,161,4.933899781921334
Zambia,Africa,2025,1290,1156,9570,1186,0,161,4.766202736081054
Zambia,Africa,2026,1374,1218,9240,1215,0,161,4.5974995423033755
Zambia,Africa,2027,1466,1283,8846,1249,0,161,4.427899036901058
Zambia,Africa,2028,1484,1348,8190,1096,0,161,4.637629383037364
Zambia,Africa,2029,1561,1408,7922,1120,0,161,4.469932337196303
Zambia,Africa,2030,1645,1470,7592,1149,0,161,4.301229143
Zimbabwe,Africa,2023,1661,1555,11999,1865,0,187,3.3620733979605153
Zimbabwe,Africa,2024,1821,1661,11535,1641,0,187,3.371808640253791
Zimbabwe,Africa,2025,1909,1769,11279,1679,0,187,3.429944840749643
Zimbabwe,Africa,2026,2000,1879,11056,1729,0,187,3.480783244292593
Zimbabwe,Africa,2027,2094,1991,10864,1791,0,187,3.5243171912576914
Zimbabwe,Africa,2028,2255,2097,10399,1566,0,187,3.534052433550895
Zimbabwe,Africa,2029,2342,2205,10144,1604,0,187,3.5921886340468547
Zimbabwe,Africa,2030,2433,2315,9921,1654,0,187,3.643027037589591
